{"sections":{"blog-post-banner":{"type":"blog-post-banner","settings":{"show_category":true,"blog_header_background":"#ffffff","blog_header_text_color":"#000000"}},"afs_blog_post_meta_PHC8qi":{"type":"afs-blog-post-meta","name":"AFS - Blog post Meta","settings":{"summary_label":"Información del artículo","summary_color":"#eb5c27","start_collapsed":false,"show_date":true,"show_comments":true,"show_tags":true,"show_share_buttons":true,"max_width":800,"margin_top":0,"margin_bottom":0,"padding":24,"radius":6,"enable_shadow":true,"photo_size":60,"author_label_color":"#406ef5","author_bg_color":"#fafafa","tag_bg_color":"#ffffff","tag_text_color":"#555555","bg_color":"#faf9f3","border_color":"#dcdcdc"}},"blog_post_toc_AwAUQ7":{"type":"blog-post-toc","name":"Blog post TOC","settings":{"title":"Tabla de contenidos","open_by_default":false,"max_width":800,"margin_top":8,"margin_bottom":0,"padding":32,"radius":2,"enable_shadow":true,"bg_color":"#ffffff","border_color":"#dcdcdc","text_color":"#000000","accent_color":"#eb5c27"}},"main":{"type":"main-article","settings":{"show_on_scroll_navigation":true,"show_author":true,"show_date":true,"show_share_buttons":true}},"blog-post-comments":{"type":"blog-post-comments","settings":{"show_gravatar":true}},"featured_collections_gDEMzq":{"type":"featured-collections","blocks":{"collection_d9bqzw":{"type":"collection","settings":{"collection":"no-te-cortes","label":"","button_text":"","button_url":""}}},"block_order":["collection_d9bqzw"],"settings":{"subheading":"NUEVOS","title":"PACKS NO TE CORTES","content":"","products_count":50,"products_per_row":6,"stack_products":false,"show_cta":false,"background":"rgba(0,0,0,0)","text_color":"rgba(0,0,0,0)","button_background":"rgba(0,0,0,0)","button_text_color":"rgba(0,0,0,0)"}},"blog-post-prev-next":{"type":"blog-post-prev-next","disabled":true,"settings":{}},"rich_text_d3LrxW":{"type":"rich-text","custom_css":[". {margin-top: 0 px; margin-bottom: 0x;}"],"name":"Rich text","settings":{"subheading":"CATEGORIAS DEL CONVENTO","title":"","content":"","button_text":"","button_link":"","background_type":"full_width","text_width":"medium","text_position":"center","text_alignment":"center","background":"rgba(0,0,0,0)","text_color":"rgba(0,0,0,0)","button_background":"rgba(0,0,0,0)","button_text_color":"rgba(0,0,0,0)"}},"ss_circle_menu_XLD4iL":{"type":"ss-circle-menu","blocks":{"image_KHN43F":{"type":"Image","settings":{"bubble_img":"shopify:\/\/shop_images\/L_OFER.jpg","bubble_text":"Ofertas","bubble_link":"shopify:\/\/collections\/ofertas"}},"image_QeMjFa":{"type":"Image","settings":{"bubble_img":"shopify:\/\/shop_images\/L_SUSC.jpg","bubble_text":"Suscripciones","bubble_link":"shopify:\/\/collections\/suscripciones"}},"image_acgP76":{"type":"Image","settings":{"bubble_img":"shopify:\/\/shop_images\/L_JAMON.png","bubble_text":"Jamones y Paletas","bubble_link":"shopify:\/\/collections\/jamon-iberico"}},"image_jDK9rb":{"type":"Image","settings":{"bubble_img":"shopify:\/\/shop_images\/L_EMBU.jpg","bubble_text":"Embutidos","bubble_link":"shopify:\/\/collections\/embutido"}},"image_fntcAT":{"type":"Image","settings":{"bubble_img":"shopify:\/\/shop_images\/L_Queso.jpg","bubble_text":"Queso curado","bubble_link":"shopify:\/\/collections\/queso"}},"image_xqdW8H":{"type":"Image","settings":{"bubble_img":"shopify:\/\/shop_images\/L_VINO.jpg","bubble_text":"Vinoteca","bubble_link":"shopify:\/\/collections\/vino"}},"image_Y7mcYd":{"type":"Image","settings":{"bubble_img":"shopify:\/\/shop_images\/L_CERV.jpg","bubble_text":"Cerveza Artesanal","bubble_link":"shopify:\/\/collections\/cerveza"}},"image_4XC7LR":{"type":"Image","settings":{"bubble_img":"shopify:\/\/shop_images\/L_ACCESORIOS.jpg","bubble_text":"Accesorios y más","bubble_link":"shopify:\/\/collections\/accesorios"}},"image_XqrjM7":{"type":"Image","settings":{"bubble_img":"shopify:\/\/shop_images\/L_PACKS.png","bubble_text":"Packs y Lotes","bubble_link":"shopify:\/\/collections\/packs-y-cestas-gourmet"}}},"block_order":["image_KHN43F","image_QeMjFa","image_acgP76","image_jDK9rb","image_fntcAT","image_xqdW8H","image_Y7mcYd","image_4XC7LR","image_XqrjM7"],"settings":{"slider_width":100,"slider_gap":14,"slider_gap_mobile":16,"icon_size":102,"icon_size_mobile":80,"icon_space":0,"icon_space_mobile":0,"icon_border_thickness":1,"icon_square":false,"text_custom":false,"text_font":"josefin_sans_n4","text_size":14,"text_size_mobile":14,"text_height":130,"text_mt":8,"icon_border_color":"#406ef5","icon_border_gradient":"","text_color":"#000000","background_color":"#ffffff","background_gradient":"","border_color":"#eb5c27","border_gradient":"","margin_top":0,"margin_bottom":0,"padding_top":4,"padding_bottom":4,"padding_horizontal":1,"padding_horizontal_mobile":2,"full_width":true,"content_width":150,"border_thickness":0,"lazy":true,"hide_mobile":false,"hide_desktop":false}}},"order":["blog-post-banner","afs_blog_post_meta_PHC8qi","blog_post_toc_AwAUQ7","main","blog-post-comments","featured_collections_gDEMzq","blog-post-prev-next","rich_text_d3LrxW","ss_circle_menu_XLD4iL"]}