{"sections":{"main":{"type":"main-blog","settings":{"show_blog_title":true,"show_tags":true,"show_category":true,"show_excerpt":true,"articles_per_page":12}},"featured_collections_3fN8mc":{"type":"featured-collections","blocks":{"collection_Kg8zDe":{"type":"collection","settings":{"collection":"mas-vendidos","label":"Ver todos","button_text":"","button_url":"shopify:\/\/collections\/packs-y-cestas-gourmet"}}},"block_order":["collection_Kg8zDe"],"settings":{"subheading":"","title":"Los regalos más gourmet","content":"","products_count":8,"products_per_row":4,"stack_products":true,"show_cta":false,"background":"rgba(0,0,0,0)","text_color":"rgba(0,0,0,0)","button_background":"rgba(0,0,0,0)","button_text_color":"rgba(0,0,0,0)"}},"ss_circle_menu_qQKhKX":{"type":"ss-circle-menu","blocks":{"image_KHN43F":{"type":"Image","settings":{"bubble_img":"shopify:\/\/shop_images\/L_OFER.jpg","bubble_text":"Ofertas","bubble_link":"shopify:\/\/collections\/ofertas"}},"image_QeMjFa":{"type":"Image","settings":{"bubble_img":"shopify:\/\/shop_images\/L_SUSC.jpg","bubble_text":"Suscripciones","bubble_link":"shopify:\/\/collections\/suscripciones"}},"image_acgP76":{"type":"Image","settings":{"bubble_img":"shopify:\/\/shop_images\/L_JAMON.png","bubble_text":"Jamones y Paletas","bubble_link":"shopify:\/\/collections\/jamon-iberico"}},"image_jDK9rb":{"type":"Image","settings":{"bubble_img":"shopify:\/\/shop_images\/L_EMBU.jpg","bubble_text":"Embutidos","bubble_link":"shopify:\/\/collections\/embutido"}},"image_fntcAT":{"type":"Image","settings":{"bubble_img":"shopify:\/\/shop_images\/L_Queso.jpg","bubble_text":"Queso curado","bubble_link":"shopify:\/\/collections\/queso"}},"image_xqdW8H":{"type":"Image","settings":{"bubble_img":"shopify:\/\/shop_images\/L_VINO.jpg","bubble_text":"Vinoteca","bubble_link":"shopify:\/\/collections\/vino"}},"image_Y7mcYd":{"type":"Image","settings":{"bubble_img":"shopify:\/\/shop_images\/L_CERV.jpg","bubble_text":"Cerveza Artesanal","bubble_link":"shopify:\/\/collections\/cerveza"}},"image_4XC7LR":{"type":"Image","settings":{"bubble_img":"shopify:\/\/shop_images\/L_ACCESORIOS.jpg","bubble_text":"Accesorios y más","bubble_link":"shopify:\/\/collections\/accesorios"}},"image_XqrjM7":{"type":"Image","settings":{"bubble_img":"shopify:\/\/shop_images\/L_PACKS.png","bubble_text":"Packs y Lotes","bubble_link":"shopify:\/\/collections\/packs-y-cestas-gourmet"}}},"block_order":["image_KHN43F","image_QeMjFa","image_acgP76","image_jDK9rb","image_fntcAT","image_xqdW8H","image_Y7mcYd","image_4XC7LR","image_XqrjM7"],"settings":{"slider_width":100,"slider_gap":14,"slider_gap_mobile":16,"icon_size":102,"icon_size_mobile":80,"icon_space":0,"icon_space_mobile":0,"icon_border_thickness":1,"icon_square":false,"text_custom":false,"text_font":"josefin_sans_n4","text_size":14,"text_size_mobile":14,"text_height":130,"text_mt":8,"icon_border_color":"#406ef5","icon_border_gradient":"","text_color":"#000000","background_color":"#ffffff","background_gradient":"","border_color":"#eb5c27","border_gradient":"","margin_top":0,"margin_bottom":0,"padding_top":4,"padding_bottom":4,"padding_horizontal":1,"padding_horizontal_mobile":2,"full_width":true,"content_width":150,"border_thickness":0,"lazy":true,"hide_mobile":false,"hide_desktop":false}},"rich_text_MhimPh":{"type":"rich-text","name":"Rich text","settings":{"subheading":"Categorías del convento","title":"","content":"","button_text":"","button_link":"","background_type":"full_width","text_width":"medium","text_position":"center","text_alignment":"center","background":"rgba(0,0,0,0)","text_color":"rgba(0,0,0,0)","button_background":"rgba(0,0,0,0)","button_text_color":"rgba(0,0,0,0)"}}},"order":["main","featured_collections_3fN8mc","rich_text_MhimPh","ss_circle_menu_qQKhKX"]}