{"sections":{"174920924065d6c78b":{"type":"apps","blocks":{"redeemly_rewarded_credits_cart_hipTQx":{"type":"shopify:\/\/apps\/redeemly\/blocks\/rewarded_credits_cart\/fe55f451-e553-4131-a946-354ff46f9d85","settings":{}}},"block_order":["redeemly_rewarded_credits_cart_hipTQx"],"settings":{"include_horizontal_margins":true,"include_vertical_margins":true}},"main":{"type":"main-cart","blocks":{"totals":{"type":"totals","settings":{}},"order_note":{"type":"order_note","settings":{"open_by_default":true}},"90d7fbc6-5bc0-41e6-a1be-19bd56445a91":{"type":"express_checkout_buttons","settings":{}},"48c305f2-1f41-4456-bb67-1e5fbf62a435":{"type":"shopify:\/\/apps\/klarna-on-site-messaging\/blocks\/app-block\/b95936a9-74b6-4a95-8103-6a1b6459c25e","settings":{"data_key":"credit-promotion-badge","theme":"light","topPadding":"0","bottomPadding":"0","messagePrefix":""}}},"block_order":["totals","order_note","90d7fbc6-5bc0-41e6-a1be-19bd56445a91","48c305f2-1f41-4456-bb67-1e5fbf62a435"],"settings":{"show_payment_methods":true,"show_shipping_estimator":false,"shipping_estimator_default_country":"Spain","empty_button_link":"shopify:\/\/collections\/all-products"}},"cart-recommendations":{"type":"cart-recommendations","disabled":true,"custom_css":[".product-item__image-wrapper {border: 1px solid grey; padding: 30px; border-radius: 10px; border-color: #eb5c27;}"],"settings":{"title":"Otros Clientes También Compraron.."}},"1655895169e588f43b":{"type":"featured-collections","blocks":{"collection_8RLwfT":{"type":"collection","settings":{"collection":"productos-menos-10","label":"","button_text":"","button_url":""}},"d47d0ef0-131b-4fee-a517-78baa5bf87da":{"type":"collection","settings":{"collection":"ofertas","label":"OFERTAS","button_text":"","button_url":""}},"16558951699057427b-0":{"type":"collection","settings":{"collection":"aljim-equipamiento-laboral","label":"","button_text":"","button_url":""}}},"block_order":["collection_8RLwfT","d47d0ef0-131b-4fee-a517-78baa5bf87da","16558951699057427b-0"],"custom_css":[".product-item__image-wrapper {border: 1px solid grey; padding: 30px; border-radius: 10px; border-color: #eb5c27;}"],"settings":{"subheading":"","title":"Lo Tienes todo?","content":"","products_count":8,"products_per_row":4,"stack_products":true,"show_cta":false,"background":"rgba(0,0,0,0)","text_color":"rgba(0,0,0,0)","button_background":"rgba(0,0,0,0)","button_text_color":"rgba(0,0,0,0)"}}},"order":["174920924065d6c78b","main","cart-recommendations","1655895169e588f43b"]}