{"sections":{"ss_circle_menu_LDPFR4":{"type":"ss-circle-menu","blocks":{"image_KHN43F":{"type":"Image","settings":{"bubble_img":"shopify:\/\/shop_images\/L_OFER.jpg","bubble_text":"Ofertas","bubble_link":"shopify:\/\/collections\/ofertas"}},"image_QeMjFa":{"type":"Image","settings":{"bubble_img":"shopify:\/\/shop_images\/L_SUSC.jpg","bubble_text":"Suscripciones","bubble_link":"shopify:\/\/collections\/suscripciones"}},"image_acgP76":{"type":"Image","settings":{"bubble_img":"shopify:\/\/shop_images\/L_JAMON.png","bubble_text":"Jamones y Paletas","bubble_link":"shopify:\/\/collections\/jamon-iberico"}},"image_jDK9rb":{"type":"Image","settings":{"bubble_img":"shopify:\/\/shop_images\/L_EMBU.jpg","bubble_text":"Embutidos","bubble_link":"shopify:\/\/collections\/embutido"}},"image_fntcAT":{"type":"Image","settings":{"bubble_img":"shopify:\/\/shop_images\/L_Queso.jpg","bubble_text":"Queso curado","bubble_link":"shopify:\/\/collections\/queso"}},"image_xqdW8H":{"type":"Image","settings":{"bubble_img":"shopify:\/\/shop_images\/L_VINO.jpg","bubble_text":"Vinoteca","bubble_link":"shopify:\/\/collections\/vino"}},"image_Y7mcYd":{"type":"Image","settings":{"bubble_img":"shopify:\/\/shop_images\/L_CERV.jpg","bubble_text":"Cerveza Artesanal","bubble_link":"shopify:\/\/collections\/cerveza"}},"image_4XC7LR":{"type":"Image","settings":{"bubble_img":"shopify:\/\/shop_images\/L_ACCESORIOS.jpg","bubble_text":"Accesorios y más","bubble_link":"shopify:\/\/collections\/accesorios"}},"image_XqrjM7":{"type":"Image","settings":{"bubble_img":"shopify:\/\/shop_images\/L_PACKS.png","bubble_text":"Packs y Lotes","bubble_link":"shopify:\/\/collections\/packs-y-cestas-gourmet"}}},"block_order":["image_KHN43F","image_QeMjFa","image_acgP76","image_jDK9rb","image_fntcAT","image_xqdW8H","image_Y7mcYd","image_4XC7LR","image_XqrjM7"],"settings":{"slider_width":100,"slider_gap":14,"slider_gap_mobile":16,"icon_size":100,"icon_size_mobile":80,"icon_space":0,"icon_space_mobile":0,"icon_border_thickness":1,"icon_square":false,"text_custom":false,"text_font":"josefin_sans_n4","text_size":14,"text_size_mobile":14,"text_height":130,"text_mt":8,"icon_border_color":"#406ef5","icon_border_gradient":"","text_color":"#000000","background_color":"#ffffff","background_gradient":"","border_color":"#eb5c27","border_gradient":"","margin_top":0,"margin_bottom":0,"padding_top":4,"padding_bottom":4,"padding_horizontal":1,"padding_horizontal_mobile":2,"full_width":true,"content_width":150,"border_thickness":0,"lazy":true,"hide_mobile":false,"hide_desktop":false}},"collection-banner":{"type":"collection-banner","custom_css":[".text-container {margin-top: 0; margin-bottom: 0; padding: 1;}",".container{margin-top: 0;}"],"settings":{"show_collection_image":false,"show_collection_title":true,"show_collection_description":true,"section_height":"small","text_width":"small","image_text_color":"#ffffff","image_overlay_color":"#000000","image_overlay_opacity":100,"quick_links":""}},"rich_text_dNcCyC":{"type":"rich-text","custom_css":[".container {margin-top: 0 px; margin-bottom: 0 px;}"],"name":"Rich text","settings":{"subheading":"Ver todo","title":"","content":"<p>Filtra y vencerás<\/p>","button_text":"","button_link":"","background_type":"full_width","text_width":"medium","text_position":"center","text_alignment":"center","background":"rgba(0,0,0,0)","text_color":"rgba(0,0,0,0)","button_background":"rgba(0,0,0,0)","button_text_color":"rgba(0,0,0,0)"}},"main":{"type":"main-collection","custom_css":[".product-item__image-wrapper {border: 1px solid grey; padding: 10px; border-radius: 10px; border-color: #406ef5;}"],"settings":{"show_sort_by":false,"products_per_page":20,"mobile_products_per_row":"2","desktop_products_per_row":4,"show_filters":false,"show_filter_group_name":true,"show_color_swatch":true,"open_first_filter_group":true,"filter_position":"always_visible","promotion_position":"top","promotion_height":"medium"}},"17510918995876a605":{"type":"apps","blocks":{"judge_me_reviews_medals_hWB6Gm":{"type":"shopify:\/\/apps\/judge-me-reviews\/blocks\/medals\/61ccd3b1-a9f2-4160-9fe9-4fec8413e5d8","settings":{}}},"block_order":["judge_me_reviews_medals_hWB6Gm"],"settings":{"include_horizontal_margins":false,"include_vertical_margins":false}},"ss_waves_KBpqEU":{"type":"ss-waves","settings":{"wave_height":300,"wave_curvature":360,"wave_style":"less","wave_side":"0","animation":true,"animation_duration":10,"background_color":"#ffffff","wave_color":"#406ef5","margin_top":-252,"margin_bottom":-8,"padding_top":28,"padding_bottom":0,"padding_horizontal":0,"padding_horizontal_mobile":0,"full_width":true,"content_width":120}},"ss_scrolling_products_FDW3aQ":{"type":"ss-scrolling-products","custom_css":[],"settings":{"heading":"<p><strong>RECOMENDADOS<\/strong><\/p>","heading_custom":false,"heading_font":"poppins_n4","heading_size":54,"heading_size_mobile":38,"heading_height":150,"heading_align":"center","heading_align_mobile":"center","collection":"{{ collection.metafields.custom[\"1collectionrelacionada\"].value }}","products":[],"collection_show":10,"collection_show_all":false,"scrolling_velocity":100,"scrolling_direction":"left","pause_hover":true,"scrolling_gap":32,"scrolling_gap_mobile":16,"card_width":300,"card_width_mobile":220,"card_radius":16,"card_border_thickness":2,"card_shadow":true,"content_padding_vertical":20,"content_padding_vertical_mobile":6,"content_padding_horizontal":22,"content_padding_horizontal_mobile":6,"title_custom":false,"title_font":"poppins_n4","title_size":16,"title_size_mobile":14,"title_height":120,"title_uppercase":false,"price_custom":false,"price_font":"josefin_sans_n4","price_size":18,"price_size_mobile":16,"price_height":130,"price_mt":10,"button":"Comprar","button_custom":false,"button_font":"josefin_sans_n4","button_size":16,"button_size_mobile":14,"button_height":80,"button_mt":6,"button_padding_vertical":10,"button_padding_vertical_mobile":8,"button_padding_horizontal":18,"button_padding_horizontal_mobile":24,"button_radius":20,"button_border_thickness":1,"button_arrow":false,"badge":"","badge_custom":false,"badge_font":"josefin_sans_n4","badge_size":17,"badge_size_mobile":16,"badge_height":150,"badge_padding_vertical":14,"badge_padding_vertical_mobile":8,"badge_padding_horizontal":20,"badge_padding_horizontal_mobile":24,"card_bg_color":"#ffffff","card_border_color":"#000000","card_shadow_color":"#eb5c27","title_color":"#000000","price_color":"#eb5c27","button_color":"#ffffff","button_hover_color":"#eb5c27","button_bg_color":"#eb5c27","button_bg_hover_color":"#ffffff","button_border_color":"#121212","button_border_hover_color":"#121212","badge_color":"#ffffff","badge_bg_color":"#eb5c27","heading_color":"#ffffff","background_color":"#406ef5","background_gradient":"","border_color":"#000000","margin_top":0,"margin_bottom":64,"padding_top":12,"padding_bottom":32,"padding_horizontal":0,"padding_horizontal_mobile":0,"full_width":true,"content_width":160,"border_thickness":0,"lazy":true}},"ss_waves_ARGHMC":{"type":"ss-waves","settings":{"wave_height":-10,"wave_curvature":230,"wave_style":"less","wave_side":"180","animation":true,"animation_duration":10,"background_color":"#ffffff","wave_color":"#406ef5","margin_top":-204,"margin_bottom":-160,"padding_top":0,"padding_bottom":24,"padding_horizontal":0,"padding_horizontal_mobile":0,"full_width":true,"content_width":60}},"video_pQ3xyr":{"type":"video","custom_css":[".section__header {margin-top: 55px; z-index: 999;}"],"settings":{"subheading":"","title":"{{ collection.metafields.custom.titulovideo.value }}","video":"{{ collection.metafields.custom.video.value }}","video_url":"https:\/\/www.youtube.com\/watch?v=_9VUPq3SxOc","background_type":"boxed","video_size":"small","autoplay":true,"show_video_controls":false,"background":"rgba(0,0,0,0)","text_color":"#000000"}},"ss_simple_faq_nkYVhe":{"type":"ss-simple-faq","blocks":{"text_xn8Vxa":{"type":"text","repeater":"{{ collection.metafields.custom.seofaqs.value }}","settings":{"question":"{{ block.repeater.pregutna | metafield_text }}","answer":"{{ block.repeater.respuesta1 | metafield_tag }}"}}},"block_order":["text_xn8Vxa"],"custom_css":[],"settings":{"heading":"PREGUNTAS FRECUENTES","open_by_default":true,"bg_color":"#faf9f3","border_color":"#dcdcdc","radius":6,"padding":24,"enable_shadow":false,"icon_color":"#000000","hover_color":"#000000","question_color":"#ffffff","background_color":"#eb5c27","answer_color":"#000000","answer_bg_color":"#ffffff","questions-font-size":1.5}},"rich_text_r6YQj8":{"type":"rich-text","settings":{"subheading":"","title":"","content":"{{ collection.metafields.custom.seotexto | metafield_tag }}","button_text":"","button_link":"","background_type":"full_width","text_width":"medium","text_position":"center","text_alignment":"center","background":"rgba(0,0,0,0)","text_color":"rgba(0,0,0,0)","button_background":"rgba(0,0,0,0)","button_text_color":"rgba(0,0,0,0)"}},"custom_liquid_paNpMP":{"type":"custom-liquid","custom_css":[".container {display: none;}"],"settings":{"subheading":"","title":"","liquid":"<script type=\"application\/ld+json\">\n{\n  \"@context\": \"https:\/\/schema.org\",\n  \"@type\": \"CollectionPage\",\n  \"name\": \"{{ collection.title | escape }}\",\n  \"url\": \"{{ shop.url }}\/collections\/{{ collection.handle }}\",\n  \"description\": \"{{ collection.description | strip_html | escape }}\",\n  \"mainEntity\": {\n    \"@type\": \"ItemList\",\n    \"itemListElement\": [\n      {% for product in collection.products %}\n      {\n        \"@type\": \"Product\",\n        \"position\": {{ forloop.index }},\n        \"url\": \"{{ shop.url }}\/products\/{{ product.handle }}\",\n        \"name\": \"{{ product.title | escape }}\",\n        \"image\": \"{{ product.featured_image | img_url: '800x800' | prepend: 'https:' }}\",\n        \"description\": \"{{ product.description | strip_html | strip_newlines | escape }}\",\n        \"offers\": {\n          \"@type\": \"Offer\",\n          \"priceCurrency\": \"{{ shop.currency }}\",\n          \"price\": \"{{ product.price | divided_by: 100.0 }}\",\n          \"availability\": \"{% if product.available %}https:\/\/schema.org\/InStock{% else %}https:\/\/schema.org\/OutOfStock{% endif %}\",\n          \"url\": \"{{ shop.url }}{{ product.url }}\",\n          \"validFrom\": \"{{ 'now' | date: '%Y-%m-%d' }}\"\n        }\n        {% assign rating_value = product.metafields.custom.rating_value | default: 0 %}\n        {% assign rating_count = product.metafields.custom.rating_count | default: 0 %}\n        {% if rating_value > 0 and rating_count > 0 %},\n        \"aggregateRating\": {\n          \"@type\": \"AggregateRating\",\n          \"ratingValue\": \"{{ rating_value }}\",\n          \"ratingCount\": \"{{ rating_count }}\",\n          \"bestRating\": \"5\",\n          \"worstRating\": \"1\"\n        }\n        {% endif %}\n      }{% if forloop.last == false %},{% endif %}\n      {% endfor %}\n    ]\n  },\n  \"hasMerchantReturnPolicy\": {\n    \"@type\": \"MerchantReturnPolicy\",\n    \"url\": \"https:\/\/monjamonymas.com\/policies\/refund-policy\",\n    \"merchantReturnDays\": \"7\",\n    \"returnFees\": \"None\",\n    \"returnMethod\": \"Mail\",\n    \"returnPolicyCategory\": \"https:\/\/schema.org\/RefundPolicy\",\n    \"returnPolicyCountry\": \"ES\"\n  }\n}\n<\/script>","add_vertical_spacing":true,"background_type":"full_width","background":"rgba(0,0,0,0)","text_color":"rgba(0,0,0,0)"}}},"order":["ss_circle_menu_LDPFR4","collection-banner","rich_text_dNcCyC","main","17510918995876a605","ss_waves_KBpqEU","ss_scrolling_products_FDW3aQ","ss_waves_ARGHMC","video_pQ3xyr","ss_simple_faq_nkYVhe","rich_text_r6YQj8","custom_liquid_paNpMP"]}