{"sections":{"ss_slideshow_11_L8Ftm3":{"type":"ss-slideshow-11","blocks":{"slide_fMeUYV":{"type":"slide","settings":{"image":"shopify:\/\/shop_images\/CM-1.png","heading":"","typewriter_text":"","text":"","button":"","url":"","stars_count":0,"review":""}}},"block_order":["slide_fMeUYV"],"disabled":true,"name":"SS - Slideshow #11","settings":{"layout_height":"fixed_height","layout_fixed_height":600,"layout_fixed_height_mobile":200,"autoplay":false,"autoplay_delay":10,"overlay":0,"content_max_width":56,"content_padding_vertical":2,"content_padding_vertical_mobile":0,"content_padding_horizontal":0,"content_padding_horizontal_mobile":0,"content_align":"left","content_align_mobile":"center","content_vertical_align":"center","content_vertical_align_mobile":"center","heading_custom":false,"heading_font":"josefin_sans_n4","heading_size":72,"heading_size_mobile":42,"heading_height":130,"heading_mt":24,"heading_mt_mobile":18,"text_custom":false,"text_font":"josefin_sans_n4","text_size":20,"text_size_mobile":18,"text_height":150,"text_mt":24,"text_mt_mobile":18,"button_style":"non_outline","button_custom":false,"button_font":"josefin_sans_n4","button_size":15,"button_size_mobile":15,"button_height":100,"button_padding_vertical":16,"button_padding_vertical_mobile":16,"button_padding_horizontal":32,"button_padding_horizontal_mobile":32,"button_radius":0,"button_border_thickness":1,"button_mt":24,"button_mt_mobile":20,"stars_size":18,"stars_size_mobile":16,"review_custom":false,"review_font":"josefin_sans_n4","review_size":16,"review_size_mobile":14,"review_height":130,"dots_show_desktop":true,"dots_show_mobile":true,"dots_size":14,"dots_size_mobile":12,"dots_mt":48,"dots_mt_mobile":32,"stars_color":"#ffffff","stars_bg_color":"#00b67a","stars_bg_half_color":"#dddddd","review_color":"#ffffff","heading_color":"#ffffff","text_color":"#ffffff","overlay_color":"#121212","button_color":"#121212","button_hover_color":"#ffffff","button_bg_color":"#ffffff","button_bg_hover_color":"#121212","button_border_color":"#121212","button_border_hover_color":"#121212","dots_color":"#ffffff","background_color":"#ffffff","background_gradient":"","border_color":"#121212","margin_top":0,"margin_bottom":0,"margin_horizontal":0,"margin_horizontal_mobile":0,"padding_top":0,"padding_bottom":0,"padding_horizontal":0,"padding_horizontal_mobile":0,"full_width":true,"content_width":1200,"border_thickness":0,"section_radius":0,"lazy":true}},"ss_counter_CDYyb3":{"type":"ss-counter","blocks":{"word_qbTdhT":{"type":"word","settings":{"text":"BLACK"}},"word_JhRdpm":{"type":"word","settings":{"text":"FRIDAY"}},"word_NJKCcg":{"type":"word","settings":{"text":"2026"}}},"block_order":["word_qbTdhT","word_JhRdpm","word_NJKCcg"],"settings":{"heading":"Prepárate..","heading_custom":false,"heading_font":"josefin_sans_n4","heading_size":48,"heading_size_mobile":32,"heading_height":130,"heading_align":"center","counter_mt":32,"counter_delay":3.5,"counter_card_radius":16,"counter_card_radius_mobile":10,"counter_custom":false,"counter_font":"montserrat_n8","text":"porque vá a ser Único. Los mejores descuentos disponibles muy pronto","text_custom":false,"text_font":"josefin_sans_n4","text_size":22,"text_size_mobile":20,"text_height":130,"text_align":"center","text_mt":32,"button":"","button_url":"","button_custom":false,"button_font":"josefin_sans_n4","button_size":20,"button_size_mobile":18,"button_height":130,"button_align":"center","button_mt":16,"button_padding_vertical":16,"button_padding_horizontal":40,"button_radius":100,"button_border_thickness":0,"heading_color":"#ffffff","card_bg_color":"#eb5c27","card_text_color":"#ffffff","text_color":"#ffffff","button_color":"#ffffff","button_hover_color":"#ffffff","button_bg_color":"#000000","button_bg_hover_color":"#000000","button_border_color":"#000000","button_border_hover_color":"#000000","background_color":"#406ef5","background_gradient":"","border_color":"#000000","margin_top":0,"margin_bottom":0,"padding_top":100,"padding_bottom":100,"padding_horizontal":5,"padding_horizontal_mobile":1.5,"full_width":true,"content_width":120,"border_thickness":0}},"8b5e034b-e43e-4ca1-9087-9ff5faf3269c":{"type":"image-with-text-overlay","disabled":true,"settings":{"reveal_on_scroll":false,"section_height":"auto","image":"{{ collection.image }}","subheading":"","title":"{{ collection.title }}","content":"","button_text":"","button_link":"","link_style":"link","background_type":"full_width","text_width":"fill","text_position":"bottom_center","text_color":"#ffffff","button_background":"#ffffff","button_text_color":"#000000","overlay_color":"#000000","overlay_opacity":0}},"collection-banner":{"type":"collection-banner","custom_css":[],"settings":{"show_collection_image":false,"show_collection_title":true,"show_collection_description":true,"section_height":"small","text_width":"fill","image_text_color":"#ffffff","image_overlay_color":"#000000","image_overlay_opacity":53,"quick_links":""}},"dea2b954-53d0-4087-8a3f-407156a707eb":{"type":"multi-column","blocks":{"template--20120866849113__dea2b954-53d0-4087-8a3f-407156a707eb-item-1":{"type":"item","settings":{"image_width":100,"image_border":"rgba(0,0,0,0)","title":"PACK COMPLETO","content":"<p>Ahorra más de 150€ . Elije entre Jamón o Paleta y  <strong>4 Extras <\/strong><\/p>","link_text":"CONFIGURAR","link_url":"https:\/\/tienda-de-sitoclick.myshopify.com\/a\/bundles\/pack-completo--84dj","link_style":"button","text_alignment":"center","vertical_alignment":"start"}},"template--20120866849113__dea2b954-53d0-4087-8a3f-407156a707eb-item-2":{"type":"item","settings":{"image_width":100,"image_border":"rgba(0,0,0,0)","title":"PACK GRANDE","content":"<p>Ahorra más de 145€ .   Elije entre Jamón o Paleta y <strong>3 Extras <\/strong><\/p>","link_text":"CONFIGURAR","link_url":"https:\/\/tienda-de-sitoclick.myshopify.com\/a\/bundles\/pack-grande--84dr","link_style":"button","text_alignment":"center","vertical_alignment":"start"}},"template--20120866849113__dea2b954-53d0-4087-8a3f-407156a707eb-item-3":{"type":"item","settings":{"image_width":100,"image_border":"rgba(0,0,0,0)","title":"PACK MEDIANO","content":"<p>Ahorra más de 140€ .  Elije entre  Jamón o Paleta y <strong>2 Extras <\/strong><\/p>","link_text":"CONFIGURAR","link_url":"https:\/\/tienda-de-sitoclick.myshopify.com\/a\/bundles\/pack-mediano-84dv","link_style":"button","text_alignment":"center","vertical_alignment":"start"}},"template--20120866849113__dea2b954-53d0-4087-8a3f-407156a707eb-item-4":{"type":"item","settings":{"image_width":100,"image_border":"rgba(0,0,0,0)","title":"PACK PEQUEÑO","content":"<p>Ahorra más de 135€ .  Elije entre  Jamón o Paleta y <strong>1 Extras <\/strong><\/p>","link_text":"CONFIGURAR","link_url":"https:\/\/tienda-de-sitoclick.myshopify.com\/a\/bundles\/pack-pequeño-84e0","link_style":"button","text_alignment":"center","vertical_alignment":"start"}}},"block_order":["template--20120866849113__dea2b954-53d0-4087-8a3f-407156a707eb-item-1","template--20120866849113__dea2b954-53d0-4087-8a3f-407156a707eb-item-2","template--20120866849113__dea2b954-53d0-4087-8a3f-407156a707eb-item-3","template--20120866849113__dea2b954-53d0-4087-8a3f-407156a707eb-item-4"],"disabled":true,"custom_css":[".container {border-top: 1px solid grey; border-left: 1px solid grey; border-right: 1px solid grey; padding: 10px; border-top-radius: 25px; border-bottom: 1px solid grey;}",".multi-column__text-container {border: 1px solid grey; padding: 10px; border-radius: 10px;}",".section__color-wrapper {border: 0px solid grey;}"],"settings":{"reveal_on_scroll":true,"stack_items":false,"subheading":"","title":"","content":"<p>(NOVEDAD) <strong>PACKS PERSONALIZADOS<\/strong><\/p><p>Pruena nuestro nuvo  personalizador y completa tu pack con productos <strong>GOURMET<\/strong>de cercanía y de la mayor calidad.<strong>vino, cerveza, A.O.V.E y queso,<\/strong>y si necesitas tablas y cuchillos y consigue el mejor precio y los mejores descuentos <\/p>","column_alignment":"center","mobile_item_size":"medium","desktop_item_size":"medium","spacing":"normal","background":"#ffffff","text_color":"#004bad"}},"main":{"type":"main-collection","custom_css":[".product-item__image-wrapper {border: 1px solid grey; padding: 10px; border-radius: 10px;}"],"settings":{"show_sort_by":false,"products_per_page":25,"mobile_products_per_row":"2","desktop_products_per_row":5,"show_filters":false,"show_filter_group_name":true,"show_color_swatch":true,"open_first_filter_group":false,"filter_position":"always_visible","promotion_position":"top","promotion_height":"medium"}},"1aaf3867-033d-4896-9a1f-5fd58bd1c68c":{"type":"testimonials","blocks":{"template--19897555321177__1aaf3867-033d-4896-9a1f-5fd58bd1c68c-testimonial-1":{"type":"testimonial","settings":{"content":"Cada Año Mejoran, Llevo 3 años consumiendo estos jamones y sin duda seguiré haciendolo un año más. Además el envío siempre es Rapidísimo","author":"Mario S."}},"template--19897555321177__1aaf3867-033d-4896-9a1f-5fd58bd1c68c-testimonial-3":{"type":"testimonial","settings":{"content":"Tuvimos un problema en el primer pedido pero lo solucionaron antes incluso de llegar. Desde entonces no he dejado de consumirles. El mejor salchichón del mundo!","author":"Lara V."}},"template--19897555321177__1aaf3867-033d-4896-9a1f-5fd58bd1c68c-testimonial-2":{"type":"testimonial","settings":{"content":"Los mejores packs con jamon que se pueden comprar. Me gusta poder personalizarlo a mi gusto. Gracias al Equipo de Don IBérico que se esfuerza en asesorarnos","author":"Begoña J."}}},"block_order":["template--19897555321177__1aaf3867-033d-4896-9a1f-5fd58bd1c68c-testimonial-1","template--19897555321177__1aaf3867-033d-4896-9a1f-5fd58bd1c68c-testimonial-3","template--19897555321177__1aaf3867-033d-4896-9a1f-5fd58bd1c68c-testimonial-2"],"settings":{"reveal_on_scroll":true,"subheading":"","title":"","background":"rgba(0,0,0,0)","text_color":"rgba(0,0,0,0)"}},"6991b2ea-ef6c-46e4-8a4c-0a14323b3ac2":{"type":"rich-text","settings":{"subheading":"","title":"","content":"{{ collection.metafields.custom.seotexto | metafield_tag }}","button_text":"","button_link":"","background_type":"boxed","text_width":"fill","text_position":"left","text_alignment":"left","background":"rgba(0,0,0,0)","text_color":"rgba(0,0,0,0)","button_background":"rgba(0,0,0,0)","button_text_color":"rgba(0,0,0,0)"}},"video_fzYPfN":{"type":"video","disabled":true,"settings":{"subheading":"","title":"","video":"shopify:\/\/files\/videos\/Black (Vídeo).mp4","video_url":"https:\/\/www.youtube.com\/watch?v=_9VUPq3SxOc","background_type":"full_width","video_size":"auto","autoplay":true,"show_video_controls":false,"background":"rgba(0,0,0,0)","text_color":"rgba(0,0,0,0)"}},"custom_liquid_taA4Pk":{"type":"custom-liquid","settings":{"subheading":"","title":"","liquid":"<script type=\"application\/ld+json\">\n{\n  \"@context\": \"http:\/\/schema.org\",\n  \"@type\": \"ItemList\",\n  \"itemListElement\": [\n    {% for product in collection.products %}\n    {\n      \"@type\": \"Product\",\n      \"position\": {{ forloop.index }},\n      \"item\": {\n        \"@type\": \"Product\",\n        \"name\": \"{{ product.title | escape }}\",\n        \"image\": \"{{ product.featured_image | img_url: '800x800' | escape }}\",\n        \"description\": \"{{ product.description | strip_html | strip_newlines | escape }}\",\n        \"url\": \"{{ shop.url | append: product.url }}\",\n        \"offers\": {\n          \"@type\": \"Offer\",\n          \"url\": \"{{ shop.url | append: product.url }}\",\n          \"priceCurrency\": \"EUR\",\n          \"price\": \"{{ product.price | money_without_currency | replace: ',', '' | replace: ',', '.' }}\",\n          \"itemCondition\": \"https:\/\/schema.org\/NewCondition\",\n          \"availability\": \"https:\/\/schema.org\/InStock\",\n          \"validFrom\": \"{{ 'now' | date: '%Y-%m-%d' }}\"\n        }\n      }\n    }{% unless forloop.last %},{% endunless %}\n    {% endfor %}\n  ]\n}\n<\/script>\n\n<script type=\"application\/ld+json\">\n{\n  \"@context\": \"https:\/\/schema.org\",\n  \"@type\": \"CollectionPage\",\n  \"name\": \"{{ collection.title | escape }}\",\n  \"url\": \"{{ shop.url }}\/collections\/{{ collection.handle | escape }}\",\n  \"description\": \"{{ collection.description | strip_html | escape }}\",\n  \"mainEntity\": {\n    \"@type\": \"ItemList\",\n    \"itemListElement\": [\n      {% for product in collection.products %}\n      {\n        \"@type\": \"Product\",\n        \"position\": {{ forloop.index }},\n        \"url\": \"{{ shop.url }}\/products\/{{ product.handle | escape }}\",\n        \"name\": \"{{ product.title | escape }}\",\n        \"image\": \"{{ product.featured_image | img_url: 'large' | prepend: 'https:' | escape }}\",\n        \"description\": \"{{ product.description | strip_html | escape }}\",\n        \"offers\": {\n          \"@type\": \"Offer\",\n          \"priceCurrency\": \"{{ shop.currency }}\",\n          \"price\": \"{{ product.price | divided_by: 100 }}\",\n          \"availability\": \"{% if product.available %}https:\/\/schema.org\/InStock{% else %}https:\/\/schema.org\/OutOfStock{% endif %}\"\n        }\n      }{% if forloop.last == false %},{% endif %}\n      {% endfor %}\n    ]\n  },\n  \"hasMerchantReturnPolicy\": {\n    \"@type\": \"MerchantReturnPolicy\",\n    \"url\": \"https:\/\/monjamonymas.com\/policies\/refund-policy\",\n    \"merchantReturnDays\": \"7\",\n    \"returnFees\": \"None\",\n    \"returnMethod\": \"Mail\",\n    \"returnPolicyCategory\": \"https:\/\/schema.org\/RefundPolicy\",\n    \"returnPolicyCountry\": \"ES\"\n  }\n}\n<\/script>","add_vertical_spacing":true,"background_type":"full_width","background":"rgba(0,0,0,0)","text_color":"rgba(0,0,0,0)"}}},"order":["ss_slideshow_11_L8Ftm3","ss_counter_CDYyb3","8b5e034b-e43e-4ca1-9087-9ff5faf3269c","collection-banner","dea2b954-53d0-4087-8a3f-407156a707eb","main","1aaf3867-033d-4896-9a1f-5fd58bd1c68c","6991b2ea-ef6c-46e4-8a4c-0a14323b3ac2","video_fzYPfN","custom_liquid_taA4Pk"]}