{"sections":{"collection-banner":{"type":"collection-banner","custom_css":[".text-container {margin-top: 0; margin-bottom: 0; padding: 1;}"],"settings":{"show_collection_image":true,"show_collection_title":true,"show_collection_description":true,"section_height":"small","text_width":"fill","image_text_color":"#ffffff","image_overlay_color":"#000000","image_overlay_opacity":58,"quick_links":""}},"ss_slideshow_11_PA4bTp":{"type":"ss-slideshow-11","blocks":{"slide_8cLMEB":{"type":"slide","settings":{"image":"{{ collection.image }}","heading":"<p>Slide heading<\/p>","typewriter_text":"Text-1,Text-2,Text-3","text":"<p>Tell a story, explain a product detail, or describe a new promotion.<\/p>","button":"Shop now","url":"","stars_count":5,"review":"<p>Excellent <strong>4.7<\/strong><\/p>"}}},"block_order":["slide_8cLMEB"],"disabled":true,"custom_css":[".slideshow-heading-template--25402741227865__ss_slideshow_11_PA4bTp {margin-bottom: 100 px;}"],"name":"SS - Slideshow #11","settings":{"layout_height":"fixed_height","layout_fixed_height":400,"layout_fixed_height_mobile":400,"autoplay":false,"autoplay_delay":10,"overlay":0.2,"content_max_width":60,"content_padding_vertical":32,"content_padding_vertical_mobile":32,"content_padding_horizontal":50,"content_padding_horizontal_mobile":20,"content_align":"left","content_align_mobile":"center","content_vertical_align":"center","content_vertical_align_mobile":"center","heading_custom":false,"heading_font":"josefin_sans_n4","heading_size":72,"heading_size_mobile":42,"heading_height":130,"heading_mt":24,"heading_mt_mobile":18,"text_custom":false,"text_font":"josefin_sans_n4","text_size":20,"text_size_mobile":18,"text_height":150,"text_mt":24,"text_mt_mobile":18,"button_style":"link","button_custom":false,"button_font":"josefin_sans_n4","button_size":15,"button_size_mobile":15,"button_height":100,"button_padding_vertical":16,"button_padding_vertical_mobile":16,"button_padding_horizontal":32,"button_padding_horizontal_mobile":32,"button_radius":0,"button_border_thickness":1,"button_mt":24,"button_mt_mobile":20,"stars_icon":"shopify:\/\/shop_images\/GOURMET.jpg","stars_size":18,"stars_size_mobile":16,"review_custom":false,"review_font":"josefin_sans_n4","review_size":16,"review_size_mobile":14,"review_height":130,"dots_show_desktop":true,"dots_show_mobile":true,"dots_size":14,"dots_size_mobile":12,"dots_mt":48,"dots_mt_mobile":32,"stars_color":"#ffffff","stars_bg_color":"#00b67a","stars_bg_half_color":"#dddddd","review_color":"#ffffff","heading_color":"#ffffff","text_color":"#ffffff","overlay_color":"#121212","button_color":"#121212","button_hover_color":"#ffffff","button_bg_color":"#ffffff","button_bg_hover_color":"#121212","button_border_color":"#121212","button_border_hover_color":"#121212","dots_color":"#ffffff","background_color":"#ffffff","background_gradient":"","border_color":"#121212","margin_top":0,"margin_bottom":0,"margin_horizontal":0,"margin_horizontal_mobile":0,"padding_top":0,"padding_bottom":0,"padding_horizontal":0,"padding_horizontal_mobile":0,"full_width":true,"content_width":1200,"border_thickness":0,"section_radius":0,"lazy":true}},"featured_collections_cfWgUT":{"type":"featured-collections","blocks":{"collection_c7AqCq":{"type":"collection","settings":{"collection":"{{ collection.metafields.custom.reltopventas.value }}","label":"","button_text":"","button_url":""}}},"block_order":["collection_c7AqCq"],"name":"Featured collections","settings":{"subheading":"","title":"{{ collection.metafields.custom.nombrerelacionada.value }}","content":"","products_count":8,"products_per_row":4,"stack_products":true,"show_cta":false,"background":"#fffbf8","text_color":"rgba(0,0,0,0)","button_background":"rgba(0,0,0,0)","button_text_color":"rgba(0,0,0,0)"}},"main":{"type":"main-collection","custom_css":[".product-item__image-wrapper {border: 1px solid grey; padding: 10px; border-radius: 10px; border-color: #406ef5;}"],"settings":{"show_sort_by":false,"products_per_page":20,"mobile_products_per_row":"2","desktop_products_per_row":5,"show_filters":false,"show_filter_group_name":true,"show_color_swatch":true,"open_first_filter_group":true,"filter_position":"always_visible","promotion_position":"top","promotion_height":"medium"}},"video_pQ3xyr":{"type":"video","disabled":true,"custom_css":[".section__header {margin-top: 55px; z-index: 999;}"],"settings":{"subheading":"","title":"{{ collection.metafields.custom.titulovideo.value }}","video":"{{ collection.metafields.custom.video.value }}","video_url":"https:\/\/www.youtube.com\/watch?v=_9VUPq3SxOc","background_type":"boxed","video_size":"small","autoplay":true,"show_video_controls":false,"background":"rgba(0,0,0,0)","text_color":"#000000"}},"ss_simple_faq_nkYVhe":{"type":"ss-simple-faq","blocks":{"text_xn8Vxa":{"type":"text","repeater":"{{ collection.metafields.custom.seofaqs.value }}","settings":{"question":"{{ block.repeater.pregutna | metafield_text }}","answer":"{{ block.repeater.respuesta1 | metafield_tag }}"}}},"block_order":["text_xn8Vxa"],"custom_css":[],"settings":{"heading":"Preguntas Frecuentes","open_by_default":false,"bg_color":"#fffbf8","border_color":"#dcdcdc","radius":6,"padding":24,"enable_shadow":true,"icon_color":"#000000","hover_color":"#000000","question_color":"#ffffff","background_color":"#eb5c27","answer_color":"#000000","answer_bg_color":"#fffbf8","questions-font-size":1.5}},"rich_text_r6YQj8":{"type":"rich-text","settings":{"subheading":"","title":"","content":"{{ collection.metafields.custom.seotexto | metafield_tag }}","button_text":"","button_link":"","background_type":"full_width","text_width":"medium","text_position":"center","text_alignment":"center","background":"rgba(0,0,0,0)","text_color":"rgba(0,0,0,0)","button_background":"rgba(0,0,0,0)","button_text_color":"rgba(0,0,0,0)"}},"image_with_text_PUBHae":{"type":"image-with-text","blocks":{"item_x7qjNY":{"type":"item","settings":{"image":"{{ collection.metafields.custom.imagen_texto1.value }}","tab_label":"","subheading":"","title":"Tipos de {{ collection.title }}","content":"<p>{{ collection.metafields.custom.seotexto | metafield_tag }}<\/p>","button_text":"","button_link":""}}},"block_order":["item_x7qjNY"],"settings":{"reveal_on_scroll":true,"background_type":"full_width","background_overlap":"image","image_position":"left","text_alignment":"center","cycle_speed":8,"accent_background":"rgba(0,0,0,0)","text_color":"rgba(0,0,0,0)","button_background":"rgba(0,0,0,0)","button_text_color":"rgba(0,0,0,0)"}},"faq_TcMKBW":{"type":"faq","blocks":{"question_wwtgcA":{"type":"question","repeater":"{{ collection.metafields.custom.tiposproducto.value }}","settings":{"title":"{{ block.repeater.nombre.value }}","answer":"<p>{{ block.repeater.descripcion | metafield_tag }}<\/p>"}}},"block_order":["question_wwtgcA"],"settings":{"show_navigation":false,"title":"","content":"","background":"rgba(0,0,0,0)","text_color":"rgba(0,0,0,0)"}},"ss_waves_Yqxbny":{"type":"ss-waves","settings":{"wave_height":300,"wave_curvature":360,"wave_style":"less","wave_side":"0","animation":true,"animation_duration":10,"background_color":"#ffffff","wave_color":"#406ef5","margin_top":-252,"margin_bottom":-8,"padding_top":28,"padding_bottom":0,"padding_horizontal":0,"padding_horizontal_mobile":0,"full_width":true,"content_width":120}},"ss_scrolling_products_byNkb7":{"type":"ss-scrolling-products","name":"SS - Scrolling Products","settings":{"heading":"<h2>Otros productos recomendados<\/h2>","heading_custom":false,"heading_font":"josefin_sans_n4","heading_size":40,"heading_size_mobile":30,"heading_height":130,"heading_align":"center","heading_align_mobile":"center","collection":"mas-vendidos","products":[],"collection_show":12,"collection_show_all":false,"scrolling_velocity":100,"scrolling_direction":"left","pause_hover":true,"scrolling_gap":16,"scrolling_gap_mobile":16,"card_width":240,"card_width_mobile":240,"card_radius":10,"card_border_thickness":0,"card_shadow":false,"content_padding_vertical":12,"content_padding_vertical_mobile":12,"content_padding_horizontal":14,"content_padding_horizontal_mobile":14,"title_custom":false,"title_font":"josefin_sans_n4","title_size":14,"title_size_mobile":14,"title_height":100,"title_uppercase":false,"price_custom":false,"price_font":"josefin_sans_n4","price_size":18,"price_size_mobile":16,"price_height":100,"price_mt":10,"button":"Ver Ahora","button_custom":false,"button_font":"josefin_sans_n4","button_size":14,"button_size_mobile":14,"button_height":100,"button_mt":12,"button_padding_vertical":8,"button_padding_vertical_mobile":8,"button_padding_horizontal":24,"button_padding_horizontal_mobile":24,"button_radius":20,"button_border_thickness":1,"button_arrow":false,"badge":"","badge_custom":false,"badge_font":"josefin_sans_n4","badge_size":17,"badge_size_mobile":16,"badge_height":100,"badge_padding_vertical":8,"badge_padding_vertical_mobile":8,"badge_padding_horizontal":24,"badge_padding_horizontal_mobile":24,"card_bg_color":"#ffffff","card_border_color":"#181818","card_shadow_color":"#181818","title_color":"#181818","price_color":"#181818","button_color":"#ffffff","button_hover_color":"#121212","button_bg_color":"#eb5c27","button_bg_hover_color":"#ffffff","button_border_color":"#121212","button_border_hover_color":"#121212","badge_color":"#ffffff","badge_bg_color":"#f44848","heading_color":"#ffffff","background_color":"#406ef5","background_gradient":"","border_color":"#000000","margin_top":0,"margin_bottom":0,"padding_top":36,"padding_bottom":36,"padding_horizontal":0,"padding_horizontal_mobile":0,"full_width":true,"content_width":160,"border_thickness":0,"lazy":true}},"ss_waves_ibFVtx":{"type":"ss-waves","custom_css":[".section-template--19051380441433__ss_waves_ibFVtx {z-index: 1;}"],"settings":{"wave_height":-10,"wave_curvature":230,"wave_style":"less","wave_side":"180","animation":true,"animation_duration":10,"background_color":"#ffffff","wave_color":"#406ef5","margin_top":-68,"margin_bottom":-160,"padding_top":0,"padding_bottom":24,"padding_horizontal":0,"padding_horizontal_mobile":0,"full_width":true,"content_width":60}},"custom_liquid_paNpMP":{"type":"custom-liquid","custom_css":[".container {display: none;}"],"settings":{"subheading":"","title":"","liquid":"<script type=\"application\/ld+json\">\n{\n  \"@context\": \"https:\/\/schema.org\",\n  \"@type\": \"CollectionPage\",\n  \"name\": \"{{ collection.title | escape }}\",\n  \"url\": \"{{ shop.url }}\/collections\/{{ collection.handle }}\",\n  \"description\": \"{{ collection.description | strip_html | escape }}\",\n  \"mainEntity\": {\n    \"@type\": \"ItemList\",\n    \"itemListElement\": [\n      {% for product in collection.products %}\n      {\n        \"@type\": \"Product\",\n        \"position\": {{ forloop.index }},\n        \"url\": \"{{ shop.url }}\/products\/{{ product.handle }}\",\n        \"name\": \"{{ product.title | escape }}\",\n        \"image\": \"{{ product.featured_image | img_url: '800x800' | prepend: 'https:' }}\",\n        \"description\": \"{{ product.description | strip_html | strip_newlines | escape }}\",\n        \"offers\": {\n          \"@type\": \"Offer\",\n          \"priceCurrency\": \"{{ shop.currency }}\",\n          \"price\": \"{{ product.price | divided_by: 100.0 }}\",\n          \"availability\": \"{% if product.available %}https:\/\/schema.org\/InStock{% else %}https:\/\/schema.org\/OutOfStock{% endif %}\",\n          \"url\": \"{{ shop.url }}{{ product.url }}\",\n          \"validFrom\": \"{{ 'now' | date: '%Y-%m-%d' }}\"\n        }\n        {% assign rating_value = product.metafields.custom.rating_value | default: 0 %}\n        {% assign rating_count = product.metafields.custom.rating_count | default: 0 %}\n        {% if rating_value > 0 and rating_count > 0 %},\n        \"aggregateRating\": {\n          \"@type\": \"AggregateRating\",\n          \"ratingValue\": \"{{ rating_value }}\",\n          \"ratingCount\": \"{{ rating_count }}\",\n          \"bestRating\": \"5\",\n          \"worstRating\": \"1\"\n        }\n        {% endif %}\n      }{% if forloop.last == false %},{% endif %}\n      {% endfor %}\n    ]\n  },\n  \"hasMerchantReturnPolicy\": {\n    \"@type\": \"MerchantReturnPolicy\",\n    \"url\": \"https:\/\/monjamonymas.com\/policies\/refund-policy\",\n    \"merchantReturnDays\": \"7\",\n    \"returnFees\": \"None\",\n    \"returnMethod\": \"Mail\",\n    \"returnPolicyCategory\": \"https:\/\/schema.org\/RefundPolicy\",\n    \"returnPolicyCountry\": \"ES\"\n  }\n}\n<\/script>","add_vertical_spacing":true,"background_type":"full_width","background":"rgba(0,0,0,0)","text_color":"rgba(0,0,0,0)"}}},"order":["collection-banner","ss_slideshow_11_PA4bTp","featured_collections_cfWgUT","main","video_pQ3xyr","ss_simple_faq_nkYVhe","rich_text_r6YQj8","image_with_text_PUBHae","faq_TcMKBW","ss_waves_Yqxbny","ss_scrolling_products_byNkb7","ss_waves_ibFVtx","custom_liquid_paNpMP"]}