{"sections":{"collection-banner":{"type":"collection-banner","custom_css":[".text-container {margin-top: 0; margin-bottom: 0; padding: 1;}"],"settings":{"show_collection_image":true,"show_collection_title":true,"show_collection_description":true,"section_height":"small","text_width":"fill","image_text_color":"#ffffff","image_overlay_color":"#000000","image_overlay_opacity":49,"quick_links":""}},"rich_text_FYjTwe":{"type":"rich-text","custom_css":[],"settings":{"subheading":"","title":"TIPOS DE JAMÓN","content":"","button_text":"","button_link":"","background_type":"full_width","text_width":"fill","text_position":"center","text_alignment":"center","background":"rgba(0,0,0,0)","text_color":"rgba(0,0,0,0)","button_background":"rgba(0,0,0,0)","button_text_color":"rgba(0,0,0,0)"}},"ss_circle_menu_ffJJ3e":{"type":"ss-circle-menu","blocks":{"image_fKtrnL":{"type":"Image","repeater":"{{ collection.metafields.custom.menub.value }}","settings":{"bubble_img":"{{ block.repeater.img.value }}","bubble_text":"{{ block.repeater.text.value }}","bubble_link":"{{ block.repeater.link.value }}"}}},"block_order":["image_fKtrnL"],"settings":{"slider_width":100,"slider_gap":14,"slider_gap_mobile":16,"icon_size":100,"icon_size_mobile":80,"icon_space":0,"icon_space_mobile":0,"icon_border_thickness":1,"icon_square":false,"text_custom":false,"text_font":"josefin_sans_n4","text_size":14,"text_size_mobile":14,"text_height":130,"text_mt":8,"icon_border_color":"#406ef5","icon_border_gradient":"","text_color":"#000000","background_color":"#ffffff","background_gradient":"","border_color":"#eb5c27","border_gradient":"","margin_top":0,"margin_bottom":0,"padding_top":4,"padding_bottom":4,"padding_horizontal":1,"padding_horizontal_mobile":2,"full_width":true,"content_width":150,"border_thickness":0,"lazy":true,"hide_mobile":false,"hide_desktop":false}},"featured_collections_J8FQdN":{"type":"featured-collections","blocks":{"collection_9djbxh":{"type":"collection","settings":{"collection":"{{ collection.metafields.custom.reltopventas.value }}","label":"","button_text":"","button_url":""}}},"block_order":["collection_9djbxh"],"name":"Featured collections","settings":{"subheading":"Nuestros top ventas","title":"{{ collection.metafields.custom.nombrerelacionada.value }}","content":"","products_count":8,"products_per_row":4,"stack_products":true,"show_cta":false,"background":"#fffbf8","text_color":"rgba(0,0,0,0)","button_background":"rgba(0,0,0,0)","button_text_color":"rgba(0,0,0,0)"}},"rich_text_7GFCgA":{"type":"rich-text","custom_css":["p {margin-top: 0px;}"],"settings":{"subheading":"","title":"QUÉ JAMÓN ELEGIR","content":"<p>Todos nuestros jamones provienen de Cerdos Ibéricos, criados libres en la dehesa. Como en alguna ocasiones, nuestros estándares de calidad son superiores a los que marca la norma del ibérico, hemos decidido establecer  nuestras propias calidades.<\/p><p> Haz clic en tu calidad favorita para ver todas las opciones.<br\/><\/p>","button_text":"","button_link":"","background_type":"full_width","text_width":"medium","text_position":"center","text_alignment":"center","background":"rgba(0,0,0,0)","text_color":"rgba(0,0,0,0)","button_background":"rgba(0,0,0,0)","button_text_color":"rgba(0,0,0,0)"}},"ss_comparison_table_16_D3aXXQ":{"type":"ss-comparison-table-16","blocks":{"table_row_yhQkcz":{"type":"table_row","name":"esencial","settings":{"row_heading":"Ver todos","row_image":"shopify:\/\/shop_images\/c_esencial.png","row_heading_url":"shopify:\/\/collections\/jamon-esencial","first_column":"Jamón Gran Reserva","first_column_image":"shopify:\/\/shop_images\/icono-jamon.png","first_column_icon":"none","second_column":"Pienso + Pastos","second_column_image":"shopify:\/\/shop_images\/Logos_Cuadrados_a8db548f-abe5-4ad4-b641-b225355c3be5.png","second_column_icon":"none","third_column":"+36 Meses","third_column_image":"shopify:\/\/shop_images\/bodega.jpg","third_column_icon":"none","fourth_column":"Perfecto para iniciarse! Equivale Cebo de Campo","fourth_column_icon":"none","fifth_column":"6\/10","fifth_column_icon":"none"}},"table_row_aMnaDC":{"type":"table_row","name":"paleta","settings":{"row_heading":"Ver todos","row_image":"shopify:\/\/shop_images\/c_gourmet.png","row_heading_url":"shopify:\/\/collections\/comprar-paleta-iberica","first_column":"Paleta de Bellota 100% Ibérica","first_column_image":"shopify:\/\/shop_images\/ChatGPT_Image_13_jun_2025_12_58_03.png","first_column_icon":"none","second_column":"Bellota+ Pastos","second_column_image":"shopify:\/\/shop_images\/bellota_pastos.png","second_column_icon":"none","third_column":"24-30 Meses","third_column_image":"shopify:\/\/shop_images\/bodega.jpg","third_column_icon":"none","fourth_column":"Muy pocas unidades! La más codiciada","fourth_column_icon":"none","fifth_column":"10\/10","fifth_column_icon":"none"}},"table_row_44neBT":{"type":"table_row","name":"gourmet","settings":{"row_heading":"Ver todos","row_image":"shopify:\/\/shop_images\/c_gourmet.png","row_heading_url":"shopify:\/\/collections\/jamon-iberico-bellota","first_column":"Jamón de Bellota 100% Ibérico","first_column_image":"shopify:\/\/shop_images\/icono-jamon.png","first_column_icon":"none","second_column":"Bellota + Pastos","second_column_image":"shopify:\/\/shop_images\/bellota_pastos.png","second_column_icon":"none","third_column":"+42 Meses","third_column_image":"shopify:\/\/shop_images\/bodega.jpg","third_column_icon":"none","fourth_column":"PRODUCTO DEL AÑO 2025! Imposible fallar con él","fourth_column_icon":"none","fifth_column":"8\/10","fifth_column_icon":"none"}},"table_row_bWrzFc":{"type":"table_row","name":"premium","settings":{"row_heading":"Ver todos","row_image":"shopify:\/\/shop_images\/c_premium.png","row_heading_url":"shopify:\/\/collections\/jamon-premium","first_column":"Jamón Pasión","first_column_image":"shopify:\/\/shop_images\/icono-jamon.png","first_column_icon":"none","second_column":"Bellota de Encina","second_column_image":"shopify:\/\/shop_images\/bellotax2_pastos.png","second_column_icon":"none","third_column":"+50 Meses","third_column_image":"shopify:\/\/shop_images\/bodega.jpg","third_column_icon":"none","fourth_column":"Cerdos con 2 montaneras. Alto % Oleico","fourth_column_icon":"none","fifth_column":"9\/10","fifth_column_icon":"none"}}},"block_order":["table_row_yhQkcz","table_row_aMnaDC","table_row_44neBT","table_row_bWrzFc"],"settings":{"table_columns":5,"table_columns_mobile":5,"table_gap":0,"table_gap_mobile":0,"table_radius":12,"table_column_border_thickness":1,"row_heading":"Calidad","first_heading":"Jamón","second_heading":"Alimentación","third_heading":"Curación","fourth_heading":"Importante!","fifth_heading":"Intensidad","image_width":80,"image_width_mobile":76,"image_radius":0,"image_border_thickness":0,"column_heading_custom":false,"column_heading_font":"poppins_n4","column_heading_size":18,"column_heading_size_mobile":14,"column_heading_height":70,"column_heading_align":"center","column_heading_align_mobile":"center","column_heading_padding_horizontal":0,"column_heading_padding_horizontal_mobile":0,"column_heading_padding_vertical":14,"column_heading_padding_vertical_mobile":10,"row_padding_horizontal":0,"row_padding_horizontal_mobile":0,"row_padding_vertical":0,"row_padding_vertical_mobile":0,"row_image_width":116,"row_image_width_mobile":120,"row_image_radius":0,"row_image_border_thickness":0,"row_heading_custom":true,"row_heading_font":"poppins_n4","row_heading_size":11,"row_heading_size_mobile":13,"row_heading_height":90,"row_heading_align":"center","row_heading_align_mobile":"center","value_custom":false,"value_font":"assistant_n4","value_size":16,"value_size_mobile":14,"value_height":130,"value_align":"center","value_align_mobile":"center","value_image_width":90,"value_image_width_mobile":98,"value_image_radius":0,"value_image_border_thickness":0,"value_icon_size":36,"value_icon_size_mobile":44,"column_heading_color":"#121212","column_heading_active_color":"#ffffff","row_heading_color":"#121212","value_color":"#121212","image_border_color":"#121212","table_column_bg_color":"#ffffff","table_column_active_bg_color":"#406ef5","table_column_border_color":"#406ef5","table_column_border_active_color":"#406ef5","value_check_color":"#00ff08","value_cross_color":"#ff0000","background_color":"#ffffff","background_gradient":"","border_color":"#eb5c27","margin_top":0,"margin_bottom":0,"margin_horizontal":0,"margin_horizontal_mobile":0,"padding_top":16,"padding_bottom":0,"padding_horizontal":16,"padding_horizontal_mobile":0,"full_width":true,"content_width":1100,"border_thickness":0,"section_radius":0,"lazy":true}},"rich_text_nekkPz":{"type":"rich-text","settings":{"subheading":"Todas las calidades del mejor jamón seleccionado para tí","title":"","content":"<p>Como dijo Sor Julia C. una..vez \"filtra y venderás\"<\/p>","button_text":"","button_link":"","background_type":"full_width","text_width":"medium","text_position":"center","text_alignment":"center","background":"rgba(0,0,0,0)","text_color":"rgba(0,0,0,0)","button_background":"rgba(0,0,0,0)","button_text_color":"rgba(0,0,0,0)"}},"main":{"type":"main-collection","custom_css":[".product-item__image-wrapper {border: 1px solid grey; padding: 10px; border-radius: 10px; border-color: #406ef5;}"],"settings":{"show_sort_by":false,"products_per_page":50,"mobile_products_per_row":"2","desktop_products_per_row":4,"show_filters":false,"show_filter_group_name":true,"show_color_swatch":true,"open_first_filter_group":true,"filter_position":"always_visible","promotion_position":"top","promotion_height":"medium"}},"ss_waves_KBpqEU":{"type":"ss-waves","settings":{"wave_height":300,"wave_curvature":360,"wave_style":"less","wave_side":"0","animation":true,"animation_duration":10,"background_color":"#ffffff","wave_color":"#406ef5","margin_top":-252,"margin_bottom":-8,"padding_top":28,"padding_bottom":0,"padding_horizontal":0,"padding_horizontal_mobile":0,"full_width":true,"content_width":120}},"ss_scrolling_products_FDW3aQ":{"type":"ss-scrolling-products","custom_css":[],"settings":{"heading":"<h2><strong>RECOMENDADOS<\/strong><\/h2>","heading_custom":false,"heading_font":"poppins_n4","heading_size":48,"heading_size_mobile":38,"heading_height":150,"heading_align":"center","heading_align_mobile":"center","collection":"{{ collection.metafields.custom[\"1collectionrelacionada\"].value }}","products":[],"collection_show":10,"collection_show_all":false,"scrolling_velocity":100,"scrolling_direction":"left","pause_hover":true,"scrolling_gap":32,"scrolling_gap_mobile":16,"card_width":300,"card_width_mobile":220,"card_radius":16,"card_border_thickness":2,"card_shadow":true,"content_padding_vertical":20,"content_padding_vertical_mobile":6,"content_padding_horizontal":22,"content_padding_horizontal_mobile":6,"title_custom":false,"title_font":"poppins_n4","title_size":16,"title_size_mobile":14,"title_height":120,"title_uppercase":false,"price_custom":false,"price_font":"josefin_sans_n4","price_size":18,"price_size_mobile":16,"price_height":130,"price_mt":10,"button":"Comprar","button_custom":false,"button_font":"josefin_sans_n4","button_size":16,"button_size_mobile":14,"button_height":80,"button_mt":6,"button_padding_vertical":10,"button_padding_vertical_mobile":8,"button_padding_horizontal":18,"button_padding_horizontal_mobile":24,"button_radius":20,"button_border_thickness":1,"button_arrow":false,"badge":"","badge_custom":false,"badge_font":"josefin_sans_n4","badge_size":17,"badge_size_mobile":16,"badge_height":150,"badge_padding_vertical":14,"badge_padding_vertical_mobile":8,"badge_padding_horizontal":20,"badge_padding_horizontal_mobile":24,"card_bg_color":"#ffffff","card_border_color":"#000000","card_shadow_color":"#eb5c27","title_color":"#000000","price_color":"#eb5c27","button_color":"#ffffff","button_hover_color":"#eb5c27","button_bg_color":"#eb5c27","button_bg_hover_color":"#ffffff","button_border_color":"#121212","button_border_hover_color":"#121212","badge_color":"#ffffff","badge_bg_color":"#eb5c27","heading_color":"#ffffff","background_color":"#406ef5","background_gradient":"","border_color":"#000000","margin_top":0,"margin_bottom":64,"padding_top":12,"padding_bottom":32,"padding_horizontal":0,"padding_horizontal_mobile":0,"full_width":true,"content_width":160,"border_thickness":0,"lazy":true}},"ss_waves_ARGHMC":{"type":"ss-waves","settings":{"wave_height":-10,"wave_curvature":230,"wave_style":"less","wave_side":"180","animation":true,"animation_duration":10,"background_color":"#ffffff","wave_color":"#406ef5","margin_top":-204,"margin_bottom":-160,"padding_top":0,"padding_bottom":24,"padding_horizontal":0,"padding_horizontal_mobile":0,"full_width":true,"content_width":60}},"video_pQ3xyr":{"type":"video","custom_css":[".section__header {margin-top: 55px; z-index: 999;}"],"settings":{"subheading":"","title":"{{ collection.metafields.custom.titulovideo.value }}","video":"{{ collection.metafields.custom.video.value }}","video_url":"https:\/\/www.youtube.com\/watch?v=_9VUPq3SxOc","background_type":"boxed","video_size":"small","autoplay":true,"show_video_controls":false,"background":"rgba(0,0,0,0)","text_color":"#000000"}},"ss_simple_faq_nkYVhe":{"type":"ss-simple-faq","blocks":{"text_xn8Vxa":{"type":"text","repeater":"{{ collection.metafields.custom.seofaqs.value }}","settings":{"question":"{{ block.repeater.pregutna | metafield_text }}","answer":"{{ block.repeater.respuesta1 | metafield_tag }}"}}},"block_order":["text_xn8Vxa"],"custom_css":[],"settings":{"heading":"Preguntas Frecuentes","open_by_default":false,"bg_color":"#fffbf8","border_color":"#dcdcdc","radius":6,"padding":24,"enable_shadow":false,"icon_color":"#000000","hover_color":"#000000","question_color":"#ffffff","background_color":"#eb5c27","answer_color":"#000000","answer_bg_color":"#ffffff","questions-font-size":1.5}},"rich_text_r6YQj8":{"type":"rich-text","settings":{"subheading":"","title":"","content":"{{ collection.metafields.custom.seotexto | metafield_tag }}","button_text":"","button_link":"","background_type":"full_width","text_width":"medium","text_position":"center","text_alignment":"center","background":"rgba(0,0,0,0)","text_color":"rgba(0,0,0,0)","button_background":"rgba(0,0,0,0)","button_text_color":"rgba(0,0,0,0)"}},"custom_liquid_paNpMP":{"type":"custom-liquid","custom_css":[".container {display: none;}"],"settings":{"subheading":"","title":"","liquid":"<script type=\"application\/ld+json\">\n{\n  \"@context\": \"https:\/\/schema.org\",\n  \"@type\": \"CollectionPage\",\n  \"name\": \"{{ collection.title | escape }}\",\n  \"url\": \"{{ shop.url }}\/collections\/{{ collection.handle }}\",\n  \"description\": \"{{ collection.description | strip_html | escape }}\",\n  \"mainEntity\": {\n    \"@type\": \"ItemList\",\n    \"itemListElement\": [\n      {% for product in collection.products %}\n      {\n        \"@type\": \"Product\",\n        \"position\": {{ forloop.index }},\n        \"url\": \"{{ shop.url }}\/products\/{{ product.handle }}\",\n        \"name\": \"{{ product.title | escape }}\",\n        \"image\": \"{{ product.featured_image | img_url: '800x800' | prepend: 'https:' }}\",\n        \"description\": \"{{ product.description | strip_html | strip_newlines | escape }}\",\n        \"offers\": {\n          \"@type\": \"Offer\",\n          \"priceCurrency\": \"{{ shop.currency }}\",\n          \"price\": \"{{ product.price | divided_by: 100.0 }}\",\n          \"availability\": \"{% if product.available %}https:\/\/schema.org\/InStock{% else %}https:\/\/schema.org\/OutOfStock{% endif %}\",\n          \"url\": \"{{ shop.url }}{{ product.url }}\",\n          \"validFrom\": \"{{ 'now' | date: '%Y-%m-%d' }}\"\n        }\n        {% assign rating_value = product.metafields.custom.rating_value | default: 0 %}\n        {% assign rating_count = product.metafields.custom.rating_count | default: 0 %}\n        {% if rating_value > 0 and rating_count > 0 %},\n        \"aggregateRating\": {\n          \"@type\": \"AggregateRating\",\n          \"ratingValue\": \"{{ rating_value }}\",\n          \"ratingCount\": \"{{ rating_count }}\",\n          \"bestRating\": \"5\",\n          \"worstRating\": \"1\"\n        }\n        {% endif %}\n      }{% if forloop.last == false %},{% endif %}\n      {% endfor %}\n    ]\n  },\n  \"hasMerchantReturnPolicy\": {\n    \"@type\": \"MerchantReturnPolicy\",\n    \"url\": \"https:\/\/monjamonymas.com\/policies\/refund-policy\",\n    \"merchantReturnDays\": \"7\",\n    \"returnFees\": \"None\",\n    \"returnMethod\": \"Mail\",\n    \"returnPolicyCategory\": \"https:\/\/schema.org\/RefundPolicy\",\n    \"returnPolicyCountry\": \"ES\"\n  }\n}\n<\/script>","add_vertical_spacing":true,"background_type":"full_width","background":"rgba(0,0,0,0)","text_color":"rgba(0,0,0,0)"}}},"order":["collection-banner","rich_text_FYjTwe","ss_circle_menu_ffJJ3e","featured_collections_J8FQdN","rich_text_7GFCgA","ss_comparison_table_16_D3aXXQ","rich_text_nekkPz","main","ss_waves_KBpqEU","ss_scrolling_products_FDW3aQ","ss_waves_ARGHMC","video_pQ3xyr","ss_simple_faq_nkYVhe","rich_text_r6YQj8","custom_liquid_paNpMP"]}