{"sections":{"da85f2cd-fbf3-4029-9b76-d5d52a0ca04f":{"type":"image-with-text-overlay","settings":{"reveal_on_scroll":true,"section_height":"small","image":"{{ collection.image }}","subheading":"","title":"{{ collection.title }}","content":"","button_text":"","button_link":"","link_style":"link","background_type":"full_width","text_width":"fill","text_position":"bottom_center","text_color":"#ffffff","button_background":"#ffffff","button_text_color":"#000000","overlay_color":"#000000","overlay_opacity":30}},"collection-banner":{"type":"collection-banner","custom_css":[".text-container {margin-top: 10px; padding: 0;}"],"settings":{"show_collection_image":false,"show_collection_title":false,"show_collection_description":true,"section_height":"small","text_width":"fill","image_text_color":"#af272f","image_overlay_color":"#af272f","image_overlay_opacity":100,"quick_links":""}},"multi_column_Gb3Qg6":{"type":"multi-column","blocks":{"item_JDVAPh":{"type":"item","settings":{"image":"shopify:\/\/shop_images\/LOTE_1.jpg","image_width":100,"image_border":"rgba(0,0,0,0)","title":"","content":"","link_text":"Top Ventas","link_url":"#shopify-section-template--19051380179289__1640539239ef6dd3ea","link_style":"link","text_alignment":"center","vertical_alignment":"start"}},"item_ienk3a":{"type":"item","settings":{"image":"shopify:\/\/shop_images\/LOTE_3_-_LONCH.jpg","image_width":100,"image_border":"rgba(0,0,0,0)","title":"","content":"","link_text":"OFERTAS","link_url":"#shopify-section-template--19051380179289__164052892893f422ce","link_style":"link","text_alignment":"center","vertical_alignment":"start"}},"item_c4wzQF":{"type":"item","settings":{"image":"shopify:\/\/shop_images\/LOTE_2.jpg","image_width":100,"image_border":"rgba(0,0,0,0)","title":"","content":"","link_text":"Piezas enteras","link_url":"#shopify-section-template--19051380179289__164052942215e7a4d5","link_style":"link","text_alignment":"center","vertical_alignment":"start"}},"item_MRRfcJ":{"type":"item","settings":{"image":"shopify:\/\/shop_images\/LOTE_3_-_LONCH.jpg","image_width":100,"image_border":"rgba(0,0,0,0)","title":"","content":"","link_text":"Loncheados","link_url":"#shopify-section-template--19051380179289__1640535974f0b776c8","link_style":"link","text_alignment":"center","vertical_alignment":"start"}},"item_8aYJRF":{"type":"item","settings":{"image":"shopify:\/\/shop_images\/LOTE_4_-_OTROS_PRODUCTOS.jpg","image_width":100,"image_border":"rgba(0,0,0,0)","title":"","content":"","link_text":"Personalizadas","link_url":"","link_style":"link","text_alignment":"center","vertical_alignment":"start"}}},"block_order":["item_JDVAPh","item_ienk3a","item_c4wzQF","item_MRRfcJ","item_8aYJRF"],"disabled":true,"custom_css":[],"settings":{"reveal_on_scroll":true,"stack_items":false,"subheading":"","title":"Tipos de cestas","content":"","column_alignment":"center","mobile_item_size":"medium","desktop_item_size":"medium","spacing":"loose","background":"rgba(0,0,0,0)","text_color":"rgba(0,0,0,0)"}},"16405359111991121b":{"type":"featured-collections","blocks":{"269237ec-0816-4362-a3dd-dcf67015ce94":{"type":"collection","settings":{"collection":"no-te-cortes","label":"","button_text":"","button_url":""}}},"block_order":["269237ec-0816-4362-a3dd-dcf67015ce94"],"disabled":true,"custom_css":[".product-item__image-wrapper {border: 1px solid grey; padding: 10px; border-radius: 10px; border-color: #406ef5;}"],"settings":{"subheading":"","title":"PACKS AHORRO TOP VENTAS","content":"<p><strong>Hasta 15% de Ahorro<\/strong><\/p>","products_count":12,"products_per_row":6,"stack_products":true,"show_cta":false,"background":"rgba(0,0,0,0)","text_color":"rgba(0,0,0,0)","button_background":"rgba(0,0,0,0)","button_text_color":"rgba(0,0,0,0)"}},"featured_collections_RYbiGJ":{"type":"featured-collections","blocks":{"collection_iUKycx":{"type":"collection","disabled":true,"settings":{"collection":"cestas-navidad","label":"","button_text":"","button_url":""}}},"block_order":["collection_iUKycx"],"settings":{"subheading":"","title":"Todas nuestras cestas","content":"","products_count":12,"products_per_row":6,"stack_products":true,"show_cta":false,"background":"rgba(0,0,0,0)","text_color":"rgba(0,0,0,0)","button_background":"rgba(0,0,0,0)","button_text_color":"rgba(0,0,0,0)"}},"164052892893f422ce":{"type":"featured-collections","blocks":{"16405289282d142949-0":{"type":"collection","settings":{"collection":"jamon-pata-negra","label":"Jamón 100% Iv","button_text":"","button_url":""}}},"block_order":["16405289282d142949-0"],"disabled":true,"custom_css":[".product-item__image-wrapper {border: 1px solid grey; padding: 10px; border-radius: 10px; border-color: #eb5c27;}"],"settings":{"subheading":"EL AUTÉNTICO PATA NEGRA","title":"Jamón de Bellota 100% Ibérico","content":"<p>El mejor jamón de bellota 100% ibérico del mercado. Un auténtico pata negra. Con precinto negro para garantizar su calidad y procedencia. Comprar una de estas piezas es llevarse una joya gastronómica a la mesa. Si deseas ir un paso más allá, prueba nuestras añadas especiales. Sabor insuperable.<\/p>","products_count":10,"products_per_row":6,"stack_products":true,"show_cta":false,"background":"rgba(0,0,0,0)","text_color":"rgba(0,0,0,0)","button_background":"rgba(0,0,0,0)","button_text_color":"rgba(0,0,0,0)"}},"featured_collections_GmPNx6":{"type":"featured-collections","blocks":{"collection_fpf9zg":{"type":"collection","settings":{"collection":"jamon-cebo-de-campo-esencial","label":"","button_text":"","button_url":""}}},"block_order":["collection_fpf9zg"],"disabled":true,"custom_css":[".product-item__image-wrapper {border: 1px solid grey; padding: 10px; border-radius: 10px; border-color: #406ef5;}"],"settings":{"subheading":"","title":"Jamón Gran reserva","content":"<p>Criado en libertad, Producto <strong>natural, <\/strong>Curación de <strong>más de 36 meses  , <\/strong>El jamón que le recomiendo a mis colegas, jamón de fuera de norma con nuestros estándares de <strong>Calidad<\/strong>, mejor precio imposible. WIN-WIN de manual<\/p><p><\/p>","products_count":8,"products_per_row":6,"stack_products":true,"show_cta":false,"background":"rgba(0,0,0,0)","text_color":"rgba(0,0,0,0)","button_background":"rgba(0,0,0,0)","button_text_color":"rgba(0,0,0,0)"}},"164052942215e7a4d5":{"type":"featured-collections","blocks":{"f441eb01-734d-423e-85b0-1d6c59993075":{"type":"collection","settings":{"collection":"jamon-iberico-de-bellota","label":"","button_text":"","button_url":""}}},"block_order":["f441eb01-734d-423e-85b0-1d6c59993075"],"disabled":true,"custom_css":[".product-item__image-wrapper {border: 1px solid grey; padding: 10px; border-radius: 10px; border-color: #eb5c27;}"],"settings":{"subheading":"Bellota Calidad summun","title":"Jamón 75% ibérico de bellota","content":"<p>Nuestro segundo mejor <a href=\"\/collections\/jamon-iberico-de-bellota\" title=\"Jamones de Bellota\">jamón ibérico de bellota <\/a>cuenta con la etiqueta o precinto rojo. Pero no pienses que estamos ante una pieza cualquiera. Los animales que dan origen a este jamón son alimentados a base de bellotas y criados en libertad. Carne veteada. Calidad sublime. <\/p>","products_count":4,"products_per_row":6,"stack_products":true,"show_cta":false,"background":"rgba(0,0,0,0)","text_color":"rgba(0,0,0,0)","button_background":"rgba(0,0,0,0)","button_text_color":"rgba(0,0,0,0)"}},"1640535974f0b776c8":{"type":"featured-collections","blocks":{"2768a948-68d5-4ef7-9ef9-71c4591d89b6":{"type":"collection","settings":{"collection":"jamon-cebo-de-campo-esencial","label":"","button_text":"","button_url":""}}},"block_order":["2768a948-68d5-4ef7-9ef9-71c4591d89b6"],"disabled":true,"custom_css":[".product-item__image-wrapper {border: 1px solid grey; padding: 10px; border-radius: 10px; border-color: #406ef5;}"],"settings":{"subheading":"El + veteado y económico","title":"Jamón ibérico de cebo de campo","content":"<p>El precinto verde de estos <a href=\"\/collections\/jamon-cebo-de-campo\" title=\"Jamon Iberico de Cebo de Campo\">jamones de recebo<\/a> asegura su procedencia ibérica y una crianza en libertad a base de una alimentación mixta con piensos y recursos naturales. Son las piezas más baratas de nuestra tienda online. Excelente precio para un jamón de alta calidad.<\/p>","products_count":4,"products_per_row":6,"stack_products":true,"show_cta":false,"background":"rgba(0,0,0,0)","text_color":"rgba(0,0,0,0)","button_background":"rgba(0,0,0,0)","button_text_color":"rgba(0,0,0,0)"}},"16405400339430f742":{"type":"featured-collections","blocks":{"1640540033d30b96fd-0":{"type":"collection","settings":{"collection":"jamon-iberico","label":"","button_text":"","button_url":""}}},"block_order":["1640540033d30b96fd-0"],"disabled":true,"custom_css":[".product-item__image-wrapper {border: 1px solid grey; padding: 0px; border-radius: 10px; border-color: #eb5c27;}"],"settings":{"subheading":"","title":"Jamón Pequeño","content":"<p>¿Te da miedo comprar un jamón de bellota 100% ibérico y que se estropee? Con nuestro ibérico ocurrirá lo contrario: volará de la mesa. De todos modos, en Don Ibérico contamos con jamones pequeños, en torno a los 6,5 kg, y paletas aún más pequeñas, de 4,5 kg.<\/p>","products_count":8,"products_per_row":6,"stack_products":true,"show_cta":false,"background":"rgba(0,0,0,0)","text_color":"rgba(0,0,0,0)","button_background":"rgba(0,0,0,0)","button_text_color":"rgba(0,0,0,0)"}},"1640539239ef6dd3ea":{"type":"featured-collections","blocks":{"16405392394155c664-0":{"type":"collection","settings":{"collection":"jamon-iberico-passion","label":"","button_text":"","button_url":""}}},"block_order":["16405392394155c664-0"],"disabled":true,"custom_css":[".product-item__image-wrapper {border: 1px solid grey; padding: 10px; border-radius: 10px; border-color: #406ef5;}"],"settings":{"subheading":"Para paladares expertos","title":"Jamón de bellota 100% IBérico - selección Passión","content":"<p>Los mejores jamones de las mejores añadas sin discusión. Auténticas piezas de coleccionistas con unidades muy limitadas. Vas a perder la oportunidad?<\/p>","products_count":4,"products_per_row":6,"stack_products":true,"show_cta":false,"background":"rgba(0,0,0,0)","text_color":"rgba(0,0,0,0)","button_background":"rgba(0,0,0,0)","button_text_color":"rgba(0,0,0,0)"}},"16405520665a013ae3":{"type":"featured-collections","blocks":{"1640552066277c077b-0":{"type":"collection","settings":{"collection":"jamon-iberico-para-regalar","label":"","button_text":"","button_url":""}}},"block_order":["1640552066277c077b-0"],"disabled":true,"custom_css":[".product-item__image-wrapper {border: 1px solid grey; padding: 0px; border-radius: 10px; border-color: #eb5c27;}"],"settings":{"subheading":"Para cualquier ocasión","title":"Jamón para regalar","content":"<p>Cada lasca de nuestros jamones de bellota 100% ibéricos es una pequeña obra de arte. Para que puedas regalarla a un ser querido, hemos preparado estuches de calidad, a la altura del producto. Un regalo original e inolvidable. Elige el set de ibéricos para regalar que más te guste.<\/p>","products_count":4,"products_per_row":6,"stack_products":true,"show_cta":false,"background":"rgba(0,0,0,0)","text_color":"rgba(0,0,0,0)","button_background":"rgba(0,0,0,0)","button_text_color":"rgba(0,0,0,0)"}},"164054043443b91b86":{"type":"featured-collections","blocks":{"16405404346189e84f-0":{"type":"collection","settings":{"collection":"jamon-iberico","label":"","button_text":"","button_url":""}}},"block_order":["16405404346189e84f-0"],"disabled":true,"custom_css":[".product-item__image-wrapper {border: 1px solid grey; padding: 10px; border-radius: 10px; border-color: #406ef5;}"],"settings":{"subheading":"","title":"Jamón Grande","content":"<p>¿Te gustan los jamones de bellota 100% ibéricos grandes? En nuestra tienda online servimos todas las opciones, incluyendo piezas ibéricas grandes, de hasta 8,5 kg. Ofrecen un mayor aprovechamiento del producto. Son un auténtico deleite para los sentidos. Compruébalo tú mismo.<\/p>","products_count":8,"products_per_row":6,"stack_products":true,"show_cta":false,"background":"rgba(0,0,0,0)","text_color":"rgba(0,0,0,0)","button_background":"rgba(0,0,0,0)","button_text_color":"rgba(0,0,0,0)"}},"1640536312c368ff73":{"type":"featured-collections","blocks":{"1640536312478cb591-0":{"type":"collection","settings":{"collection":"deshuesados","label":"","button_text":"","button_url":""}}},"block_order":["1640536312478cb591-0"],"disabled":true,"custom_css":[".product-item__image-wrapper {border: 1px solid grey; padding: 0px; border-radius: 10px; border-color: #eb5c27;}"],"settings":{"subheading":"","title":"Jamón deshuesado","content":"<p>La mejor solución para los que buscan la frescura de una pieza entera junto con la comodidad de cortar sin hueso. Una pieza sin desperdicios, 100% aprovechable. Apta para cortar a máquina o a mano. Preparada para disfrutarla rápido y sin complicaciones.<\/p>","products_count":4,"products_per_row":6,"stack_products":true,"show_cta":false,"background":"rgba(0,0,0,0)","text_color":"rgba(0,0,0,0)","button_background":"rgba(0,0,0,0)","button_text_color":"rgba(0,0,0,0)"}},"16405362189580f6f5":{"type":"featured-collections","blocks":{"1640536218a3b202da-0":{"type":"collection","settings":{"collection":"jamon-iberico-loncheado","label":"","button_text":"Ver más Loncheados","button_url":"shopify:\/\/collections\/loncheado"}}},"block_order":["1640536218a3b202da-0"],"disabled":true,"custom_css":[".product-item__image-wrapper {border: 1px solid grey; padding: 10px; border-radius: 10px; border-color: #406ef5;}"],"settings":{"subheading":"NO TE CORTES!","title":"Jamón loncheado","content":"<p>Mayor comodidad. Abrir y disfrutar. Así son nuestros loncheados a cuchillo\/máquina. Un auténtico manjar cortado a mano por profesionales. Para asegurar la máxima frescura, cortamos y envasamos el jamón una vez que tú realices el pedido. Cortar, envasar y enviar. Así de simple.<\/p>","products_count":4,"products_per_row":6,"stack_products":true,"show_cta":false,"background":"rgba(0,0,0,0)","text_color":"rgba(0,0,0,0)","button_background":"rgba(0,0,0,0)","button_text_color":"rgba(0,0,0,0)"}},"16405364332086d16b":{"type":"featured-collections","blocks":{"16405364338ee71bdf-0":{"type":"collection","settings":{"collection":"jamon-iberico-packs-de-catas","label":"","button_text":"","button_url":""}}},"block_order":["16405364338ee71bdf-0"],"disabled":true,"custom_css":[".product-item__image-wrapper {border: 1px solid grey; padding: 10px; border-radius: 10px; border-color: #eb5c27;}"],"settings":{"subheading":"Para los más indecisos","title":"packs de catas de Jamón de Bellota 100% ibérico","content":"<p>A menudo los clientes nos preguntan sobre qué jamón de bellota 100%  ibérico comprar. Una cata vale más que 1000 palabras. Para descubrir tu jamón favorito, compra uno de nuestros packs de catas: ¿etiqueta negra, roja o verde? ¿Jamón o paleta? Para gustos los colores. Descúbrelo con un pack.<\/p>","products_count":5,"products_per_row":6,"stack_products":true,"show_cta":false,"background":"rgba(0,0,0,0)","text_color":"rgba(0,0,0,0)","button_background":"rgba(0,0,0,0)","button_text_color":"rgba(0,0,0,0)"}},"main":{"type":"main-collection","blocks":{"8f62baf4-2be7-44dd-9e5a-21630373affd":{"type":"image","disabled":true,"settings":{"subheading":"","title":"Ver Packs Gourmet","link_text":"","link_url":"shopify:\/\/collections\/estucheria-old","link_style":"button","text_position":"top_right","background":"#af272f","text_color":"#f6f3ed","button_background":"#ffffff","button_text_color":"#1e316a"}},"9452fb96-3745-402e-b75f-b53f582d0b93":{"type":"image","disabled":true,"settings":{"subheading":"","title":"Comprar Embutido","link_text":"","link_url":"shopify:\/\/collections\/embutido","link_style":"button","text_position":"top_right","background":"#f7f8fd","text_color":"#f6f3ed","button_background":"#ffffff","button_text_color":"#1e316a"}}},"block_order":["8f62baf4-2be7-44dd-9e5a-21630373affd","9452fb96-3745-402e-b75f-b53f582d0b93"],"custom_css":[".product-item__image-wrapper {border: 1px solid grey; padding: 30px; border-radius: 10px;}"],"settings":{"show_sort_by":false,"products_per_page":50,"mobile_products_per_row":"2","desktop_products_per_row":5,"show_filters":false,"show_filter_group_name":false,"show_color_swatch":false,"open_first_filter_group":false,"filter_position":"always_visible","promotion_position":"top","promotion_height":"small"}},"1640552416fc6d99ea":{"type":"contact-form","settings":{"title":"Cestas para empresas","content":"<p>Desde el clásico regalo de empresa hasta un obsequio especial para un empleado o cliente importante. Sea cual sea el objetivo, en Don Ibérico nos adaptamos a tus necesidades. La siguiente selección de jamones ibéricos de bellota está pensada para las empresas.<\/p><p>Pregúntanos. Nos adaptaremos a tus necesidades y presupuesto<\/p>","text_1_heading":"","text_1_text":"","text_2_heading":"","text_2_text":"","background":"rgba(0,0,0,0)","text_color":"rgba(0,0,0,0)","button_background":"rgba(0,0,0,0)","button_text_color":"rgba(0,0,0,0)"}},"custom_liquid_iBpQ4m":{"type":"custom-liquid","settings":{"subheading":"","title":"","liquid":"<script type=\"application\/ld+json\">\n{\n  \"@context\": \"http:\/\/schema.org\",\n  \"@type\": \"ItemList\",\n  \"itemListElement\": [\n    {% for product in collection.products %}\n    {\n      \"@type\": \"Product\",\n      \"position\": {{ forloop.index }},\n      \"item\": {\n        \"@type\": \"Product\",\n        \"name\": \"{{ product.title | escape }}\",\n        \"image\": \"{{ product.featured_image | img_url: '800x800' | escape }}\",\n        \"description\": \"{{ product.description | strip_html | strip_newlines | escape }}\",\n        \"url\": \"{{ shop.url | append: product.url }}\",\n        \"offers\": {\n          \"@type\": \"Offer\",\n          \"url\": \"{{ shop.url | append: product.url }}\",\n          \"priceCurrency\": \"EUR\",\n          \"price\": \"{{ product.price | money_without_currency | replace: ',', '' | replace: ',', '.' }}\",\n          \"itemCondition\": \"https:\/\/schema.org\/NewCondition\",\n          \"availability\": \"https:\/\/schema.org\/InStock\",\n          \"validFrom\": \"{{ 'now' | date: '%Y-%m-%d' }}\"\n        }\n      }\n    }{% unless forloop.last %},{% endunless %}\n    {% endfor %}\n  ]\n}\n<\/script>\n\n<script type=\"application\/ld+json\">\n{\n  \"@context\": \"https:\/\/schema.org\",\n  \"@type\": \"CollectionPage\",\n  \"name\": \"{{ collection.title | escape }}\",\n  \"url\": \"{{ shop.url }}\/collections\/{{ collection.handle | escape }}\",\n  \"description\": \"{{ collection.description | strip_html | escape }}\",\n  \"mainEntity\": {\n    \"@type\": \"ItemList\",\n    \"itemListElement\": [\n      {% for product in collection.products %}\n      {\n        \"@type\": \"Product\",\n        \"position\": {{ forloop.index }},\n        \"url\": \"{{ shop.url }}\/products\/{{ product.handle | escape }}\",\n        \"name\": \"{{ product.title | escape }}\",\n        \"image\": \"{{ product.featured_image | img_url: 'large' | prepend: 'https:' | escape }}\",\n        \"description\": \"{{ product.description | strip_html | escape }}\",\n        \"offers\": {\n          \"@type\": \"Offer\",\n          \"priceCurrency\": \"{{ shop.currency }}\",\n          \"price\": \"{{ product.price | divided_by: 100 }}\",\n          \"availability\": \"{% if product.available %}https:\/\/schema.org\/InStock{% else %}https:\/\/schema.org\/OutOfStock{% endif %}\"\n        }\n      }{% if forloop.last == false %},{% endif %}\n      {% endfor %}\n    ]\n  },\n  \"hasMerchantReturnPolicy\": {\n    \"@type\": \"MerchantReturnPolicy\",\n    \"url\": \"https:\/\/monjamonymas.com\/policies\/refund-policy\",\n    \"merchantReturnDays\": \"7\",\n    \"returnFees\": \"None\",\n    \"returnMethod\": \"Mail\",\n    \"returnPolicyCategory\": \"https:\/\/schema.org\/RefundPolicy\",\n    \"returnPolicyCountry\": \"ES\"\n  }\n}\n<\/script>","add_vertical_spacing":true,"background_type":"full_width","background":"rgba(0,0,0,0)","text_color":"rgba(0,0,0,0)"}}},"order":["da85f2cd-fbf3-4029-9b76-d5d52a0ca04f","collection-banner","multi_column_Gb3Qg6","16405359111991121b","featured_collections_RYbiGJ","164052892893f422ce","featured_collections_GmPNx6","164052942215e7a4d5","1640535974f0b776c8","16405400339430f742","1640539239ef6dd3ea","16405520665a013ae3","164054043443b91b86","1640536312c368ff73","16405362189580f6f5","16405364332086d16b","main","1640552416fc6d99ea","custom_liquid_iBpQ4m"]}