{"sections":{"ss_slideshow_11_FzGnL4":{"type":"ss-slideshow-11","blocks":{"slide_bdWFAk":{"type":"slide","settings":{"image":"shopify:\/\/shop_images\/BANNER_PREMIO.jpg","heading":"<p>Elegidos Producto del Año<\/p>","typewriter_text":"","text":"","button":"","url":"","stars_count":5,"review":"<p>Palabra de fiel<\/p>"}}},"block_order":["slide_bdWFAk"],"name":"SS - Slideshow #11","settings":{"layout_height":"fixed_height","layout_fixed_height":200,"layout_fixed_height_mobile":200,"autoplay":false,"autoplay_delay":10,"overlay":0.2,"content_max_width":100,"content_padding_vertical":32,"content_padding_vertical_mobile":32,"content_padding_horizontal":50,"content_padding_horizontal_mobile":30,"content_align":"left","content_align_mobile":"center","content_vertical_align":"center","content_vertical_align_mobile":"center","heading_custom":false,"heading_font":"josefin_sans_n4","heading_size":34,"heading_size_mobile":34,"heading_height":130,"heading_mt":24,"heading_mt_mobile":18,"text_custom":false,"text_font":"josefin_sans_n4","text_size":20,"text_size_mobile":13,"text_height":120,"text_mt":24,"text_mt_mobile":18,"button_style":"non_outline","button_custom":false,"button_font":"josefin_sans_n4","button_size":15,"button_size_mobile":15,"button_height":100,"button_padding_vertical":16,"button_padding_vertical_mobile":16,"button_padding_horizontal":32,"button_padding_horizontal_mobile":42,"button_radius":0,"button_border_thickness":1,"button_mt":8,"button_mt_mobile":34,"stars_size":24,"stars_size_mobile":20,"review_custom":false,"review_font":"josefin_sans_n4","review_size":16,"review_size_mobile":21,"review_height":120,"dots_show_desktop":true,"dots_show_mobile":true,"dots_size":14,"dots_size_mobile":12,"dots_mt":48,"dots_mt_mobile":32,"stars_color":"#ffffff","stars_bg_color":"#eb5c27","stars_bg_half_color":"#dddddd","review_color":"#ffffff","heading_color":"#ffffff","text_color":"#ffffff","overlay_color":"#121212","button_color":"#121212","button_hover_color":"#ffffff","button_bg_color":"#ffffff","button_bg_hover_color":"#121212","button_border_color":"#121212","button_border_hover_color":"#121212","dots_color":"#ffffff","background_color":"#ffffff","background_gradient":"","border_color":"#121212","margin_top":0,"margin_bottom":0,"margin_horizontal":0,"margin_horizontal_mobile":0,"padding_top":0,"padding_bottom":0,"padding_horizontal":0,"padding_horizontal_mobile":0,"full_width":true,"content_width":1200,"border_thickness":0,"section_radius":0,"lazy":true}},"ss_circle_menu_RQfrEe":{"type":"ss-circle-menu","blocks":{"image_gpJDjb":{"type":"Image","repeater":"{{ collection.metafields.custom.menub.value }}","settings":{"bubble_img":"{{ block.repeater.img.value }}","bubble_text":"{{ block.repeater.text.value }}","bubble_link":"{{ block.repeater.link.value }}"}}},"block_order":["image_gpJDjb"],"custom_css":[],"name":"SS - Circle Menu","settings":{"slider_width":100,"slider_gap":16,"slider_gap_mobile":16,"icon_size":108,"icon_size_mobile":74,"icon_space":0,"icon_space_mobile":0,"icon_border_thickness":1,"icon_square":false,"text_custom":false,"text_font":"josefin_sans_n4","text_size":12,"text_size_mobile":10,"text_height":130,"text_mt":8,"icon_border_color":"#000000","icon_border_gradient":"","text_color":"#000000","background_color":"#ffffff","background_gradient":"","border_color":"#000000","border_gradient":"","margin_top":0,"margin_bottom":0,"padding_top":0,"padding_bottom":0,"padding_horizontal":5,"padding_horizontal_mobile":1.5,"full_width":true,"content_width":120,"border_thickness":0,"lazy":true,"hide_mobile":false,"hide_desktop":false}},"collection-banner":{"type":"collection-banner","custom_css":[".text-container {margin-top: 0; margin-bottom: 0; padding: 1;}"],"settings":{"show_collection_image":false,"show_collection_title":true,"show_collection_description":true,"section_height":"auto","text_width":"fill","image_text_color":"#ffffff","image_overlay_color":"#000000","image_overlay_opacity":100,"quick_links":""}},"main":{"type":"main-collection","custom_css":[".product-item__image-wrapper {border: 1px solid grey; padding: 10px; border-radius: 10px; border-color: #406ef5;}"],"settings":{"show_sort_by":false,"products_per_page":25,"mobile_products_per_row":"2","desktop_products_per_row":4,"show_filters":false,"show_filter_group_name":true,"show_color_swatch":true,"open_first_filter_group":true,"filter_position":"always_visible","promotion_position":"top","promotion_height":"medium"}},"ss_waves_KBpqEU":{"type":"ss-waves","settings":{"wave_height":300,"wave_curvature":360,"wave_style":"less","wave_side":"0","animation":true,"animation_duration":10,"background_color":"#ffffff","wave_color":"#406ef5","margin_top":-252,"margin_bottom":-8,"padding_top":28,"padding_bottom":0,"padding_horizontal":0,"padding_horizontal_mobile":0,"full_width":true,"content_width":120}},"ss_scrolling_products_FDW3aQ":{"type":"ss-scrolling-products","custom_css":[],"settings":{"heading":"<p><strong>RECOMENDADOS<\/strong><\/p>","heading_custom":false,"heading_font":"poppins_n4","heading_size":54,"heading_size_mobile":38,"heading_height":150,"heading_align":"center","heading_align_mobile":"center","collection":"{{ collection.metafields.custom[\"1collectionrelacionada\"].value }}","products":[],"collection_show":10,"collection_show_all":false,"scrolling_velocity":100,"scrolling_direction":"left","pause_hover":true,"scrolling_gap":32,"scrolling_gap_mobile":16,"card_width":300,"card_width_mobile":220,"card_radius":16,"card_border_thickness":2,"card_shadow":true,"content_padding_vertical":20,"content_padding_vertical_mobile":6,"content_padding_horizontal":22,"content_padding_horizontal_mobile":6,"title_custom":false,"title_font":"poppins_n4","title_size":16,"title_size_mobile":14,"title_height":120,"title_uppercase":false,"price_custom":false,"price_font":"josefin_sans_n4","price_size":18,"price_size_mobile":16,"price_height":130,"price_mt":10,"button":"Comprar","button_custom":false,"button_font":"josefin_sans_n4","button_size":16,"button_size_mobile":14,"button_height":80,"button_mt":6,"button_padding_vertical":10,"button_padding_vertical_mobile":8,"button_padding_horizontal":18,"button_padding_horizontal_mobile":24,"button_radius":20,"button_border_thickness":1,"button_arrow":false,"badge":"","badge_custom":false,"badge_font":"josefin_sans_n4","badge_size":17,"badge_size_mobile":16,"badge_height":150,"badge_padding_vertical":14,"badge_padding_vertical_mobile":8,"badge_padding_horizontal":20,"badge_padding_horizontal_mobile":24,"card_bg_color":"#ffffff","card_border_color":"#000000","card_shadow_color":"#eb5c27","title_color":"#000000","price_color":"#eb5c27","button_color":"#ffffff","button_hover_color":"#eb5c27","button_bg_color":"#eb5c27","button_bg_hover_color":"#ffffff","button_border_color":"#121212","button_border_hover_color":"#121212","badge_color":"#ffffff","badge_bg_color":"#eb5c27","heading_color":"#ffffff","background_color":"#406ef5","background_gradient":"","border_color":"#000000","margin_top":0,"margin_bottom":64,"padding_top":12,"padding_bottom":32,"padding_horizontal":0,"padding_horizontal_mobile":0,"full_width":true,"content_width":160,"border_thickness":0,"lazy":true}},"ss_waves_ARGHMC":{"type":"ss-waves","settings":{"wave_height":-10,"wave_curvature":230,"wave_style":"less","wave_side":"180","animation":true,"animation_duration":10,"background_color":"#ffffff","wave_color":"#406ef5","margin_top":-204,"margin_bottom":-160,"padding_top":0,"padding_bottom":24,"padding_horizontal":0,"padding_horizontal_mobile":0,"full_width":true,"content_width":60}},"video_pQ3xyr":{"type":"video","custom_css":[".section__header {margin-top: 55px; z-index: 999;}"],"settings":{"subheading":"","title":"{{ collection.metafields.custom.titulovideo.value }}","video":"{{ collection.metafields.custom.video.value }}","video_url":"https:\/\/www.youtube.com\/watch?v=_9VUPq3SxOc","background_type":"boxed","video_size":"small","autoplay":true,"show_video_controls":false,"background":"rgba(0,0,0,0)","text_color":"#000000"}},"ss_simple_faq_nkYVhe":{"type":"ss-simple-faq","blocks":{"text_xn8Vxa":{"type":"text","repeater":"{{ collection.metafields.custom.seofaqs.value }}","settings":{"question":"{{ block.repeater.pregutna | metafield_text }}","answer":"{{ block.repeater.respuesta1 | metafield_tag }}"}}},"block_order":["text_xn8Vxa"],"custom_css":[],"settings":{"heading":"Preguntas Frecuentes","open_by_default":false,"bg_color":"#fffbf8","border_color":"#eb5c27","radius":6,"padding":24,"enable_shadow":true,"icon_color":"#000000","hover_color":"#000000","question_color":"#ffffff","background_color":"#eb5c27","answer_color":"#000000","answer_bg_color":"#ffffff","questions-font-size":1.5}},"ss_leermas_afernadnezsa_x3E3yA":{"type":"ss-leermas-afernadnezsa","blocks":{"rich_944UQp":{"type":"rich","settings":{"subheading":"","title":"","content":"{{ collection.metafields.custom.seotexto | metafield_tag }}","btn_label":"","btn_link":""}}},"block_order":["rich_944UQp"],"name":"SS - Leer Más","settings":{"heading":"Leer Más Información","open_by_default":false,"bg_color":"#faf9f3","border_color":"#dcdcdc","radius":6,"padding":24,"enable_shadow":true,"icon_color":"#333333","subheading_color":"#666666","title_color":"#333333","content_color":"#000000","button_bg":"#d5caa6","button_color":"#ffffff"}},"custom_liquid_paNpMP":{"type":"custom-liquid","custom_css":[".container {display: none;}"],"settings":{"subheading":"","title":"","liquid":"<script type=\"application\/ld+json\">\n{\n  \"@context\": \"https:\/\/schema.org\",\n  \"@type\": \"CollectionPage\",\n  \"name\": \"{{ collection.title | escape }}\",\n  \"url\": \"{{ shop.url }}\/collections\/{{ collection.handle }}\",\n  \"description\": \"{{ collection.description | strip_html | escape }}\",\n  \"mainEntity\": {\n    \"@type\": \"ItemList\",\n    \"itemListElement\": [\n      {% for product in collection.products %}\n      {\n        \"@type\": \"Product\",\n        \"position\": {{ forloop.index }},\n        \"url\": \"{{ shop.url }}\/products\/{{ product.handle }}\",\n        \"name\": \"{{ product.title | escape }}\",\n        \"image\": \"{{ product.featured_image | img_url: '800x800' | prepend: 'https:' }}\",\n        \"description\": \"{{ product.description | strip_html | strip_newlines | escape }}\",\n        \"offers\": {\n          \"@type\": \"Offer\",\n          \"priceCurrency\": \"{{ shop.currency }}\",\n          \"price\": \"{{ product.price | divided_by: 100.0 }}\",\n          \"availability\": \"{% if product.available %}https:\/\/schema.org\/InStock{% else %}https:\/\/schema.org\/OutOfStock{% endif %}\",\n          \"url\": \"{{ shop.url }}{{ product.url }}\",\n          \"validFrom\": \"{{ 'now' | date: '%Y-%m-%d' }}\"\n        }\n        {% assign rating_value = product.metafields.custom.rating_value | default: 0 %}\n        {% assign rating_count = product.metafields.custom.rating_count | default: 0 %}\n        {% if rating_value > 0 and rating_count > 0 %},\n        \"aggregateRating\": {\n          \"@type\": \"AggregateRating\",\n          \"ratingValue\": \"{{ rating_value }}\",\n          \"ratingCount\": \"{{ rating_count }}\",\n          \"bestRating\": \"5\",\n          \"worstRating\": \"1\"\n        }\n        {% endif %}\n      }{% if forloop.last == false %},{% endif %}\n      {% endfor %}\n    ]\n  },\n  \"hasMerchantReturnPolicy\": {\n    \"@type\": \"MerchantReturnPolicy\",\n    \"url\": \"https:\/\/monjamonymas.com\/policies\/refund-policy\",\n    \"merchantReturnDays\": \"7\",\n    \"returnFees\": \"None\",\n    \"returnMethod\": \"Mail\",\n    \"returnPolicyCategory\": \"https:\/\/schema.org\/RefundPolicy\",\n    \"returnPolicyCountry\": \"ES\"\n  }\n}\n<\/script>","add_vertical_spacing":true,"background_type":"full_width","background":"rgba(0,0,0,0)","text_color":"rgba(0,0,0,0)"}}},"order":["ss_slideshow_11_FzGnL4","ss_circle_menu_RQfrEe","collection-banner","main","ss_waves_KBpqEU","ss_scrolling_products_FDW3aQ","ss_waves_ARGHMC","video_pQ3xyr","ss_simple_faq_nkYVhe","ss_leermas_afernadnezsa_x3E3yA","custom_liquid_paNpMP"]}