{"sections":{"8b5e034b-e43e-4ca1-9087-9ff5faf3269c":{"type":"image-with-text-overlay","settings":{"reveal_on_scroll":false,"section_height":"small","image":"{{ collection.image }}","subheading":"","title":"{{ collection.title }}","content":"","button_text":"","button_link":"","link_style":"link","background_type":"full_width","text_width":"large","text_position":"bottom_center","text_color":"#ffffff","button_background":"#ffffff","button_text_color":"#000000","overlay_color":"#000000","overlay_opacity":30}},"collection-banner":{"type":"collection-banner","custom_css":[".breadcrumb {margin-top: -20px; padding-bottom: 10px;}"],"settings":{"show_collection_image":false,"show_collection_title":false,"show_collection_description":true,"section_height":"small","text_width":"medium","image_text_color":"#ffffff","image_overlay_color":"#000000","image_overlay_opacity":100,"quick_links":""}},"featured_product_yFFG8b":{"type":"featured-product","blocks":{"variant_picker_eYfCkE":{"type":"variant_picker","disabled":true,"settings":{"hide_sold_out_variants":false,"selector_mode":"block","color_mode":"color","size_chart_page":""}},"quantity_selector_e6fP4F":{"type":"quantity_selector","disabled":true,"settings":{}},"buy_buttons_ieyrB3":{"type":"buy_buttons","disabled":true,"settings":{"show_payment_button":true,"atc_button_background":"rgba(0,0,0,0)","atc_button_text_color":"rgba(0,0,0,0)","buy_now_button_background":"rgba(0,0,0,0)","buy_now_button_text_color":"rgba(0,0,0,0)"}},"button_DxW7FY":{"type":"button","settings":{"link":"shopify:\/\/products\/suscripcion","text":"Me suscribo ya!","stretch":true,"background":"rgba(0,0,0,0)","text_color":"rgba(0,0,0,0)"}}},"block_order":["variant_picker_eYfCkE","quantity_selector_e6fP4F","buy_buttons_ieyrB3","button_DxW7FY"],"settings":{"product":"suscripcion","subheading":"descubre","title":"La suscripción más completa","show_vendor":false,"show_sku":false,"show_taxes_included":false,"show_product_rating":true,"show_share_buttons":false,"help_page":"","enable_video_autoplay":true,"enable_video_looping":true,"enable_image_zoom":true,"show_thumbnails_on_mobile":false,"desktop_thumbnails_position":"left","transition_effect":"slide","background":"rgba(0,0,0,0)","text_color":"rgba(0,0,0,0)"}},"ss_slider_2_W3zctV":{"type":"ss-slider-2","blocks":{"slide_pMM6Qn":{"type":"slide","settings":{"image":"shopify:\/\/shop_images\/Logos_Cuadrados_1.png","title":"La suscripción más completa","button":"Monjamon plus","url":"shopify:\/\/products\/suscripcion"}},"slide_eXNChU":{"type":"slide","settings":{"image":"shopify:\/\/shop_images\/Cupo_1_5bbff777-1a44-4d35-823d-3e584cb56a6f.png","title":"Suscripción a Vino","button":"Monjamon","url":""}},"slide_kTEAk8":{"type":"slide","settings":{"image":"shopify:\/\/shop_images\/wine-and-cheese-on-slate-board.jpg","title":"Suscripción a Queso","button":"Próximamente","url":""}},"slide_7YwVDK":{"type":"slide","settings":{"image":"shopify:\/\/shop_images\/summer-friends-cheers.jpg","title":"Suscripción a Cerveza","button":"Próximamente","url":""}},"slide_6GdnP7":{"type":"slide","settings":{"image":"shopify:\/\/shop_images\/CC_7_b35d6de5-e7d6-427f-8971-8ed1b85bf38a.png","title":"Suscripción a Embutidos","button":"Próximamente","url":""}},"slide_9ex6h7":{"type":"slide","settings":{"image":"shopify:\/\/shop_images\/DSC5440_7e8d5400-7d80-4455-9a8d-551852be136b.jpg","title":"Formato mini","button":"Monjamón +LITE","url":"shopify:\/\/products\/monjamon-lite"}}},"block_order":["slide_pMM6Qn","slide_eXNChU","slide_kTEAk8","slide_7YwVDK","slide_6GdnP7","slide_9ex6h7"],"disabled":true,"settings":{"slider_view":3,"slider_view_mobile":1.7,"slider_rotate":6,"card_padding_vertical":38,"card_padding_vertical_mobile":36,"card_padding_horizontal":38,"card_padding_horizontal_mobile":30,"card_radius":20,"card_border_thickness":3,"card_shadow":true,"card_ratio":"square","card_ratio_mobile":"portrait","card_overlay":0.3,"content_horizontal_position":"center","content_horizontal_position_mobile":"center","content_vertical_position":"start","content_vertical_position_mobile":"start","title_custom":false,"title_font":"josefin_sans_n4","title_size":32,"title_size_mobile":24,"title_height":100,"button_custom":false,"button_font":"josefin_sans_n4","button_size":36,"button_size_mobile":28,"button_height":100,"button_mt":26,"button_padding_vertical":12,"button_padding_horizontal":20,"button_radius":14,"button_border_thickness":2,"arrow_size":50,"arrow_size_mobile":32,"arrow_icon_size":20,"arrow_icon_size_mobile":12,"arrow_border_thickness":0,"arrow_show_desktop":true,"arrow_show_mobile":true,"card_border_color":"#406ef5","card_shadow_color":"#000000","card_overlay_color":"#000000","title_color":"#ffffff","button_color":"#ffffff","button_hover_color":"#eb5c27","button_bg_color":"#eb5c27","button_bg_hover_color":"#ffffff","button_border_color":"#ffffff","button_border_hover_color":"#eb5c27","arrow_color":"#eb5c27","arrow_hover_color":"#ffffff","arrow_bg_color":"#ffffff","arrow_bg_hover_color":"#eb5c27","arrow_border_color":"#eb5c27","arrow_border_hover_color":"#454545","background_color":"#ffffff","background_gradient":"","border_color":"#000000","margin_top":0,"margin_bottom":0,"padding_top":36,"padding_bottom":36,"padding_horizontal":0,"padding_horizontal_mobile":0,"full_width":true,"content_width":130,"border_thickness":0,"lazy":true}},"featured_collections_h4d3rj":{"type":"featured-collections","blocks":{"collection_WJqNyW":{"type":"collection","settings":{"collection":"suscripciones","label":"","button_text":"","button_url":""}}},"block_order":["collection_WJqNyW"],"settings":{"subheading":"","title":"todas nuestras suscripciones gourmet","content":"<p>Además si te suscribes a dos a la vez te descontamos otros 5€ por entrega  en el carrito!<\/p>","products_count":8,"products_per_row":4,"stack_products":true,"show_cta":false,"background":"rgba(0,0,0,0)","text_color":"rgba(0,0,0,0)","button_background":"rgba(0,0,0,0)","button_text_color":"rgba(0,0,0,0)"}},"main":{"type":"main-collection","disabled":true,"custom_css":[".product-item__image-wrapper {border: 1px solid grey; padding: 10px; border-radius: 10px;}"],"settings":{"show_sort_by":true,"products_per_page":50,"mobile_products_per_row":"2","desktop_products_per_row":4,"show_filters":true,"show_filter_group_name":false,"show_color_swatch":true,"open_first_filter_group":false,"filter_position":"always_visible","promotion_position":"bottom","promotion_height":"medium"}},"163554354881054c28":{"type":"recently-viewed-products","disabled":true,"settings":{"subheading":"","title":"Artículos Comprados Recientemente","products_count":4,"background":"rgba(0,0,0,0)","text_color":"rgba(0,0,0,0)"}},"58c7de86-5943-405a-836e-dd2763d99d38":{"type":"rich-text","settings":{"subheading":"","title":"","content":"{{ collection.metafields.custom.seotexto | metafield_tag }}","button_text":"","button_link":"","background_type":"full_width","text_width":"fill","text_position":"center","text_alignment":"center","background":"rgba(0,0,0,0)","text_color":"rgba(0,0,0,0)","button_background":"rgba(0,0,0,0)","button_text_color":"rgba(0,0,0,0)"}},"faq_f3VgaY":{"type":"faq","blocks":{"category_JJ4Eti":{"type":"category","settings":{"title":"Envío"}},"question_C8X73p":{"type":"question","settings":{"title":"¿Puedo regalar la suscripción a  a otra persona?","answer":"<p>Yes, we ship all over the world. Shipping costs will apply, and will be added at checkout. We run discounts and promotions all year, so stay tuned for exclusive deals.<\/p>"}},"question_983wqb":{"type":"question","settings":{"title":"¿Puedo recibir factura de esta suscripción?","answer":""}}},"block_order":["category_JJ4Eti","question_C8X73p","question_983wqb"],"settings":{"show_navigation":false,"title":"Preguntas Frecuentes","content":"","background":"rgba(0,0,0,0)","text_color":"rgba(0,0,0,0)"}}},"order":["8b5e034b-e43e-4ca1-9087-9ff5faf3269c","collection-banner","featured_product_yFFG8b","ss_slider_2_W3zctV","featured_collections_h4d3rj","main","163554354881054c28","58c7de86-5943-405a-836e-dd2763d99d38","faq_f3VgaY"]}