{"sections":{"0e84db2f-e664-4708-9637-ce89ff3f0c42":{"type":"image-with-text-overlay","settings":{"reveal_on_scroll":true,"section_height":"small","image":"{{ collection.image }}","subheading":"","title":"{{ collection.title }}","content":"","button_text":"","button_link":"","link_style":"link","background_type":"full_width","text_width":"fill","text_position":"bottom_center","text_color":"#ffffff","button_background":"#ffffff","button_text_color":"#000000","overlay_color":"#000000","overlay_opacity":30}},"collection-banner":{"type":"collection-banner","custom_css":[".breadcrumb {margin-top: -20px; padding-bottom: 10px;}"],"settings":{"show_collection_image":false,"show_collection_title":false,"show_collection_description":true,"section_height":"small","text_width":"fill","image_text_color":"#ffffff","image_overlay_color":"#000000","image_overlay_opacity":51,"quick_links":""}},"ss_circle_menu_eJ68Wd":{"type":"ss-circle-menu","blocks":{"image_qMi4LX":{"type":"Image","settings":{"bubble_img":"shopify:\/\/shop_images\/queso-anejo-de-oveja-sin-lactosa_1.jpg","bubble_text":"Quesos de Oveja","bubble_link":"https:\/\/monjamonymas.com\/collections\/gourmet#shopify-section-template--19051380277593__166428919833e3f978"}},"image_YEMEGF":{"type":"Image","settings":{"bubble_img":"shopify:\/\/shop_images\/b_bestiator.png","bubble_text":"Cervezas la Bestia","bubble_link":"https:\/\/monjamonymas.com\/collections\/gourmet#shopify-section-template--19051380277593__featured_collections_NWqk8K"}},"image_yyQpgt":{"type":"Image","settings":{"bubble_img":"shopify:\/\/shop_images\/VIno_4_Conde.png","bubble_text":"Vinos Viña Muriel","bubble_link":"https:\/\/monjamonymas.com\/collections\/gourmet#shopify-section-template--19051380277593__featured_collections_4NnjXd"}},"image_qWbMRM":{"type":"Image","settings":{"bubble_img":"shopify:\/\/shop_images\/VIno_Aureo.png","bubble_text":"Bodegas Avelino Vegas","bubble_link":"https:\/\/monjamonymas.com\/collections\/gourmet#shopify-section-template--19051380277593__featured_collections_fic6Gy"}},"image_t8kPFT":{"type":"Image","settings":{"bubble_img":"shopify:\/\/shop_images\/PicosGourmet.png","bubble_text":"Picos Artesanales Obando","bubble_link":"https:\/\/monjamon__featured_collections_Crte3rmas.com\/collections\/gourmet#shopify-section-template--19051380277593"}},"image_nNK9h8":{"type":"Image","settings":{"bubble_img":"shopify:\/\/shop_images\/ALjim-Tabla5.png","bubble_text":"Cuchillos y Tablas - Aljim","bubble_link":"https:\/\/monjamonymas.com\/collections\/gourmet#shopify-section-template--19051380277593__eccd2504-f565-45ad-8abf-acdfeff2ecb1"}},"image_9gQbEk":{"type":"Image","settings":{"bubble_img":"shopify:\/\/shop_images\/Aq5.png","bubble_text":"AOVE Ecológico AQ5","bubble_link":"https:\/\/monjamonymas.com\/collections\/gourmet#shopify-section-template--19051380277593__featured_collections_cpEh3F"}}},"block_order":["image_qMi4LX","image_YEMEGF","image_yyQpgt","image_qWbMRM","image_t8kPFT","image_nNK9h8","image_9gQbEk"],"settings":{"slider_width":100,"slider_gap":20,"slider_gap_mobile":16,"icon_size":200,"icon_size_mobile":106,"icon_space":0,"icon_space_mobile":0,"icon_border_thickness":1,"icon_square":false,"text_custom":false,"text_font":"josefin_sans_n4","text_size":18,"text_size_mobile":10,"text_height":120,"text_mt":6,"icon_border_color":"#000000","icon_border_gradient":"","text_color":"#000000","background_color":"#ffffff","background_gradient":"","border_color":"#000000","border_gradient":"","margin_top":0,"margin_bottom":0,"padding_top":0,"padding_bottom":12,"padding_horizontal":7,"padding_horizontal_mobile":1.5,"full_width":true,"content_width":190,"border_thickness":0,"lazy":true,"hide_mobile":false,"hide_desktop":false}},"166428919833e3f978":{"type":"featured-collections","blocks":{"8426477f-bad1-4a0f-a3e6-b90bba395c56":{"type":"collection","settings":{"collection":"queseria-la-antigua","label":"Queso (La Antigua)","button_text":"Ver todo {{ block.settings.collection.title }}","button_url":"shopify:\/\/collections\/queseria-la-antigua"}}},"block_order":["8426477f-bad1-4a0f-a3e6-b90bba395c56"],"custom_css":[".product-item__image-wrapper {border: 1px solid grey; padding: 10px; border-radius: 10px; border-color: #eb5c27;}"],"settings":{"subheading":"...No solo de jamón vive el hombre","title":"Quesos de Oveja la Antigua","content":"","products_count":8,"products_per_row":4,"stack_products":false,"show_cta":false,"background":"rgba(0,0,0,0)","text_color":"rgba(0,0,0,0)","button_background":"rgba(0,0,0,0)","button_text_color":"rgba(0,0,0,0)"}},"featured_collections_NWqk8K":{"type":"featured-collections","blocks":{"collection_fmMNbk":{"type":"collection","settings":{"collection":"la-bestia-craft-beer","label":"","button_text":"Ver todo {{ block.settings.collection.title }}","button_url":"shopify:\/\/collections\/la-bestia-craft-beer"}}},"block_order":["collection_fmMNbk"],"custom_css":[".product-item__image-wrapper {border: 1px solid grey; padding: 10px; border-radius: 10px; border-color: #406ef5;}"],"settings":{"subheading":"","title":"Cervezas la Bestia","content":"","products_count":8,"products_per_row":4,"stack_products":false,"show_cta":false,"background":"rgba(0,0,0,0)","text_color":"rgba(0,0,0,0)","button_background":"rgba(0,0,0,0)","button_text_color":"rgba(0,0,0,0)"}},"featured_collections_4NnjXd":{"type":"featured-collections","blocks":{"collection_74ybM8":{"type":"collection","settings":{"collection":"bodegas-vina-muriel","label":"{{ block.settings.collection.title }}","button_text":"Ver todo {{ block.settings.collection.title }}","button_url":"shopify:\/\/collections\/bodegas-vina-muriel"}}},"block_order":["collection_74ybM8"],"custom_css":[".product-item__image-wrapper {border: 1px solid grey; padding: 10px; border-radius: 10px; border-color: #eb5c27;}"],"settings":{"subheading":"","title":"Vinos Viña Muriel - DOCa Rioja","content":"","products_count":8,"products_per_row":4,"stack_products":false,"show_cta":false,"background":"rgba(0,0,0,0)","text_color":"rgba(0,0,0,0)","button_background":"rgba(0,0,0,0)","button_text_color":"rgba(0,0,0,0)"}},"featured_collections_fic6Gy":{"type":"featured-collections","blocks":{"collection_9qiUpq":{"type":"collection","settings":{"collection":"bodegas-avelino-vegas","label":"{{ block.settings.collection.title }}","button_text":"Ver todo {{ block.settings.collection.title }}","button_url":"shopify:\/\/collections\/bodegas-avelino-vegas"}}},"block_order":["collection_9qiUpq"],"custom_css":[".product-item__image-wrapper {border: 1px solid grey; padding: 10px; border-radius: 10px; border-color: #406ef5;}"],"settings":{"subheading":"","title":"Avelino Vegas - Ribera del Duero","content":"","products_count":8,"products_per_row":4,"stack_products":false,"show_cta":false,"background":"rgba(0,0,0,0)","text_color":"rgba(0,0,0,0)","button_background":"rgba(0,0,0,0)","button_text_color":"rgba(0,0,0,0)"}},"featured_collections_Crte3r":{"type":"featured-collections","blocks":{"collection_hAktip":{"type":"collection","settings":{"collection":"panaderia-artesanal-obando","label":"","button_text":"Ver todo {{ block.settings.collection.title }}","button_url":"shopify:\/\/collections\/panaderia-artesanal-obando"}}},"block_order":["collection_hAktip"],"custom_css":[".product-item__image-wrapper {border: 1px solid grey; padding: 10px; border-radius: 10px; border-color: #eb5c27;}"],"settings":{"subheading":"","title":"Picos Artesanales","content":"","products_count":8,"products_per_row":4,"stack_products":false,"show_cta":false,"background":"rgba(0,0,0,0)","text_color":"rgba(0,0,0,0)","button_background":"rgba(0,0,0,0)","button_text_color":"rgba(0,0,0,0)"}},"eccd2504-f565-45ad-8abf-acdfeff2ecb1":{"type":"featured-collections","blocks":{"template--19051380277593__eccd2504-f565-45ad-8abf-acdfeff2ecb1-collection-1":{"type":"collection","settings":{"collection":"aljim-equipamiento-laboral","label":"","button_text":"Ver todo {{ block.settings.collection.title }}","button_url":"shopify:\/\/collections\/aljim-equipamiento-laboral"}}},"block_order":["template--19051380277593__eccd2504-f565-45ad-8abf-acdfeff2ecb1-collection-1"],"custom_css":[".product-item__image-wrapper {border: 1px solid grey; padding: 10px; border-radius: 10px; border-color: #406ef5;}"],"settings":{"subheading":"Necesitas tabla o cuchillo?","title":"Accesorios","content":"","products_count":8,"products_per_row":4,"stack_products":false,"show_cta":false,"background":"rgba(0,0,0,0)","text_color":"rgba(0,0,0,0)","button_background":"rgba(0,0,0,0)","button_text_color":"rgba(0,0,0,0)"}},"featured_collections_cpEh3F":{"type":"featured-collections","blocks":{"collection_ngwY4H":{"type":"collection","settings":{"collection":"aceites-aq5","label":"ACEITE PREMIUM (AQ5)","button_text":"Ver todo {{ block.settings.collection.title }}","button_url":"shopify:\/\/collections\/aceites-aq5"}}},"block_order":["collection_ngwY4H"],"custom_css":[".product-item__image-wrapper {border: 1px solid grey; padding: 10px; border-radius: 10px; border-color: #eb5c27;}"],"settings":{"subheading":"","title":"AOVE Ecológico","content":"","products_count":8,"products_per_row":4,"stack_products":false,"show_cta":false,"background":"rgba(0,0,0,0)","text_color":"rgba(0,0,0,0)","button_background":"rgba(0,0,0,0)","button_text_color":"rgba(0,0,0,0)"}},"main":{"type":"main-collection","blocks":{"8f62baf4-2be7-44dd-9e5a-21630373affd":{"type":"image","disabled":true,"settings":{"subheading":"Your subheading","title":"Your heading","link_text":"","link_url":"","link_style":"link","text_position":"middle_left","background":"#f7f8fd","text_color":"#1e316a","button_background":"#ffffff","button_text_color":"#1e316a"}},"9452fb96-3745-402e-b75f-b53f582d0b93":{"type":"image","disabled":true,"settings":{"image":"shopify:\/\/shop_images\/tree-3197800_1280.jpg","subheading":"Your subheading","title":"Your heading","link_text":"","link_url":"","link_style":"button","text_position":"middle_left","background":"#f7f8fd","text_color":"#1e316a","button_background":"#ffffff","button_text_color":"#1e316a"}}},"block_order":["8f62baf4-2be7-44dd-9e5a-21630373affd","9452fb96-3745-402e-b75f-b53f582d0b93"],"disabled":true,"settings":{"show_sort_by":true,"products_per_page":24,"mobile_products_per_row":"2","desktop_products_per_row":4,"show_filters":true,"show_filter_group_name":false,"show_color_swatch":true,"open_first_filter_group":false,"filter_position":"always_visible","promotion_position":"top","promotion_height":"medium"}}},"order":["0e84db2f-e664-4708-9637-ce89ff3f0c42","collection-banner","ss_circle_menu_eJ68Wd","166428919833e3f978","featured_collections_NWqk8K","featured_collections_4NnjXd","featured_collections_fic6Gy","featured_collections_Crte3r","eccd2504-f565-45ad-8abf-acdfeff2ecb1","featured_collections_cpEh3F","main"]}