{"sections":{"ss_slideshow_11_mqEHcj":{"type":"ss-slideshow-11","blocks":{"slide_EMWMEP":{"type":"slide","disabled":true,"settings":{"image":"shopify:\/\/shop_images\/CM-1.png","heading":"<p>Slide heading<\/p>","typewriter_text":"Text-1,Text-2,Text-3","text":"<p>Tell a story, explain a product detail, or describe a new promotion.<\/p>","button":"Shop now","url":"","stars_count":5,"review":"<p>Excellent <strong>4.7<\/strong><\/p>"}},"slide_AJEbwG":{"type":"slide","settings":{"image":"shopify:\/\/shop_images\/BANNER_PREMIO.jpg","heading":"<p>ELEGIDOS <br\/>Producto del año <\/p>","typewriter_text":"","text":"","button":"Descúbrelos","url":"shopify:\/\/collections\/mas-vendidos","stars_count":5,"review":"<p>Palabra de Fiel<\/p>"}}},"block_order":["slide_EMWMEP","slide_AJEbwG"],"name":"SS - Slideshow #11","settings":{"layout_height":"fixed_height","layout_fixed_height":310,"layout_fixed_height_mobile":200,"autoplay":false,"autoplay_delay":10,"overlay":0.2,"content_max_width":100,"content_padding_vertical":20,"content_padding_vertical_mobile":32,"content_padding_horizontal":50,"content_padding_horizontal_mobile":20,"content_align":"left","content_align_mobile":"left","content_vertical_align":"center","content_vertical_align_mobile":"center","heading_custom":false,"heading_font":"josefin_sans_n4","heading_size":36,"heading_size_mobile":34,"heading_height":130,"heading_mt":24,"heading_mt_mobile":18,"text_custom":false,"text_font":"josefin_sans_n4","text_size":20,"text_size_mobile":18,"text_height":150,"text_mt":24,"text_mt_mobile":18,"button_style":"non_outline","button_custom":false,"button_font":"josefin_sans_n4","button_size":15,"button_size_mobile":17,"button_height":100,"button_padding_vertical":16,"button_padding_vertical_mobile":18,"button_padding_horizontal":24,"button_padding_horizontal_mobile":28,"button_radius":0,"button_border_thickness":1,"button_mt":24,"button_mt_mobile":20,"stars_size":18,"stars_size_mobile":16,"review_custom":false,"review_font":"josefin_sans_n4","review_size":16,"review_size_mobile":14,"review_height":130,"dots_show_desktop":true,"dots_show_mobile":true,"dots_size":14,"dots_size_mobile":12,"dots_mt":48,"dots_mt_mobile":32,"stars_color":"#ffffff","stars_bg_color":"#eb5c27","stars_bg_half_color":"#dddddd","review_color":"#ffffff","heading_color":"#ffffff","text_color":"#ffffff","overlay_color":"#121212","button_color":"#121212","button_hover_color":"#ffffff","button_bg_color":"#ffffff","button_bg_hover_color":"#121212","button_border_color":"#121212","button_border_hover_color":"#121212","dots_color":"#ffffff","background_color":"#ffffff","background_gradient":"","border_color":"#121212","margin_top":0,"margin_bottom":0,"margin_horizontal":0,"margin_horizontal_mobile":0,"padding_top":0,"padding_bottom":0,"padding_horizontal":0,"padding_horizontal_mobile":0,"full_width":true,"content_width":1200,"border_thickness":0,"section_radius":0,"lazy":true}},"slideshow_EXbVyn":{"type":"slideshow","blocks":{"image_FVqCMW":{"type":"image","disabled":true,"settings":{"image":"shopify:\/\/shop_images\/CM-1.png","text_position":"middle_center","subheading":"","title":"","button_1_text":"","button_1_link":"shopify:\/\/collections\/cyber-monday","button_2_text":"","button_2_link":"","text_color":"#ffffff","button_background":"#ffffff","button_text_color":"#000000","overlay_color":"#000000","overlay_opacity":0}}},"block_order":["image_FVqCMW"],"name":"Slideshow","settings":{"section_height":"auto","transition_type":"sweep","autoplay":true,"cycle_speed":5,"background":"rgba(0,0,0,0)"}},"rich_text_EFH9Am":{"type":"rich-text","custom_css":[".container {margin-top: 0px;}"],"settings":{"subheading":"CATEGORIAS DEL CONVENTO","title":"","content":"","button_text":"","button_link":"","background_type":"full_width","text_width":"fill","text_position":"center","text_alignment":"center","background":"rgba(0,0,0,0)","text_color":"rgba(0,0,0,0)","button_background":"rgba(0,0,0,0)","button_text_color":"rgba(0,0,0,0)"}},"ss_circle_menu_AxNY8x":{"type":"ss-circle-menu","blocks":{"image_KHN43F":{"type":"Image","settings":{"bubble_img":"shopify:\/\/shop_images\/ofertas.svg","bubble_text":"Ofertas","bubble_link":"shopify:\/\/collections\/ofertas"}},"image_QeMjFa":{"type":"Image","settings":{"bubble_img":"shopify:\/\/shop_images\/suscripciones.svg","bubble_text":"Suscripciones","bubble_link":"shopify:\/\/collections\/suscripciones"}},"image_acgP76":{"type":"Image","settings":{"bubble_img":"shopify:\/\/shop_images\/JAMON_PALETA.svg","bubble_text":"Jamones y Paletas","bubble_link":"shopify:\/\/collections\/jamon-iberico"}},"image_jDK9rb":{"type":"Image","settings":{"bubble_img":"shopify:\/\/shop_images\/lemonasterio.svg","bubble_text":"Embutidos","bubble_link":"shopify:\/\/collections\/embutido"}},"image_fntcAT":{"type":"Image","settings":{"bubble_img":"shopify:\/\/shop_images\/queso.svg","bubble_text":"Queso curado","bubble_link":"shopify:\/\/collections\/queso"}},"image_xqdW8H":{"type":"Image","settings":{"bubble_img":"shopify:\/\/shop_images\/vino.svg","bubble_text":"Vinoteca","bubble_link":"shopify:\/\/collections\/vino"}},"image_Y7mcYd":{"type":"Image","settings":{"bubble_img":"shopify:\/\/shop_images\/Component_2.svg","bubble_text":"Cerveza Artesanal","bubble_link":"shopify:\/\/collections\/cerveza"}},"image_4XC7LR":{"type":"Image","settings":{"bubble_img":"shopify:\/\/shop_images\/accesorios.svg","bubble_text":"Accesorios y más","bubble_link":"shopify:\/\/collections\/accesorios"}},"image_XqrjM7":{"type":"Image","settings":{"bubble_img":"shopify:\/\/shop_images\/packs.svg","bubble_text":"Packs y Lotes","bubble_link":"shopify:\/\/collections\/packs-y-cestas-gourmet"}}},"block_order":["image_KHN43F","image_QeMjFa","image_acgP76","image_jDK9rb","image_fntcAT","image_xqdW8H","image_Y7mcYd","image_4XC7LR","image_XqrjM7"],"settings":{"slider_width":100,"slider_gap":14,"slider_gap_mobile":16,"icon_size":96,"icon_size_mobile":80,"icon_space":4,"icon_space_mobile":0,"icon_border_thickness":2,"icon_square":false,"text_custom":false,"text_font":"josefin_sans_n4","text_size":14,"text_size_mobile":14,"text_height":130,"text_mt":8,"icon_border_color":"#eb5c27","icon_border_gradient":"","text_color":"#000000","background_color":"#ffffff","background_gradient":"","border_color":"#eb5c27","border_gradient":"","margin_top":0,"margin_bottom":0,"padding_top":4,"padding_bottom":4,"padding_horizontal":1,"padding_horizontal_mobile":2,"full_width":true,"content_width":150,"border_thickness":0,"lazy":true,"hide_mobile":false,"hide_desktop":false}},"featured_collections_LE9Pt4":{"type":"featured-collections","blocks":{"collection_cm6wah":{"type":"collection","settings":{"collection":"mas-vendidos","label":"","button_text":"","button_url":""}}},"block_order":["collection_cm6wah"],"settings":{"subheading":"","title":"Productos TOP","content":"","products_count":10,"products_per_row":5,"stack_products":true,"show_cta":false,"background":"rgba(0,0,0,0)","text_color":"rgba(0,0,0,0)","button_background":"rgba(0,0,0,0)","button_text_color":"rgba(0,0,0,0)"}},"ss_glow_testimonial_qpLbmp":{"type":"ss-glow-testimonial","blocks":{"image_MT6pJn":{"type":"Image","settings":{"review_icon":"shopify:\/\/shop_images\/loncheados_45bf4395-078d-442f-b607-b9c40b9bd444.jpg","review_text":"Jamón de muy buen sabor y cortado de forma agradable","review_rating":5}},"image_YKL6DW":{"type":"Image","settings":{"review_icon":"shopify:\/\/shop_images\/lomonasterio.jpg","review_text":"Está bueniiisimo recomiendo su compra","review_rating":5}},"image_eVMrEh":{"type":"Image","settings":{"review_icon":"shopify:\/\/shop_images\/sagradapaleta.jpg","review_text":"No hay duda de que esta Paleta 100% Bellota es excelente","review_rating":5}},"image_xwknHi":{"type":"Image","settings":{"review_icon":"shopify:\/\/shop_images\/suscripciones.jpg","review_text":"Tuve un problema con el envío pero me lo solucionaron rápido","review_rating":5}},"image_cdGKiV":{"type":"Image","settings":{"review_icon":"shopify:\/\/shop_images\/paleta.jpg","review_text":"Todo el Lote muy bueno. Atención después de la compra de 10.","review_rating":5}},"image_LMUYb9":{"type":"Image","settings":{"review_icon":"shopify:\/\/shop_images\/quesos.jpg","review_text":"Queso que ha enamorado a toda la familia","review_rating":5}},"image_kYEMJC":{"type":"Image","settings":{"review_icon":"shopify:\/\/shop_images\/loncheados_45bf4395-078d-442f-b607-b9c40b9bd444.jpg","review_text":"Buena relación calidad precio y atención al cliente de 10","review_rating":5}},"image_KJ3469":{"type":"Image","settings":{"review_icon":"shopify:\/\/shop_images\/embuitidos.jpg","review_text":"El chorizo picante me pareció absolutamente extraordinario","review_rating":5}},"image_WTptfK":{"type":"Image","settings":{"review_icon":"shopify:\/\/shop_images\/vinos.jpg","review_text":"No somos mucho de vino pero nos ha encantado","review_rating":5}},"image_RHMt3k":{"type":"Image","settings":{"review_icon":"shopify:\/\/shop_images\/paleta.jpg","review_text":"Llegó la semana pasada y ya no queda. No hemos parado","review_rating":5}}},"block_order":["image_MT6pJn","image_YKL6DW","image_eVMrEh","image_xwknHi","image_cdGKiV","image_LMUYb9","image_kYEMJC","image_KJ3469","image_WTptfK","image_RHMt3k"],"custom_css":[".reviews_title {margin-bottom: 15px;}"],"settings":{"animation_time":12.5,"loop_amount":4,"header_before_gradient":"Testigos del","header_gradient":"milagro","header":"","header_color":"#406ef5","header_font_size":42,"header_mob_font_size":44,"review_font_size":16,"review_font_color":"#000000","gradient_color_1":"#eb5c27","gradient_color_2":"#eb5c27","gradient_color_3":"#eb5c27","blur_color":"#454545","background-color":"#ffffff","padding_top":36,"padding_bottom":24}},"1635538517dfbc5c04":{"type":"apps","blocks":{"judge_me_reviews_all_reviews_text_rK9dnQ":{"type":"shopify:\/\/apps\/judge-me-reviews\/blocks\/all_reviews_text\/61ccd3b1-a9f2-4160-9fe9-4fec8413e5d8","settings":{}}},"block_order":["judge_me_reviews_all_reviews_text_rK9dnQ"],"settings":{"include_horizontal_margins":true,"include_vertical_margins":true}},"featured_collections_RDR9Af":{"type":"featured-collections","blocks":{"collection_GtBKtX":{"type":"collection","settings":{"collection":"novedades","label":"Novedades","button_text":"","button_url":""}}},"block_order":["collection_GtBKtX"],"settings":{"subheading":"","title":"Novedades","content":"","products_count":37,"products_per_row":6,"stack_products":false,"show_cta":false,"background":"rgba(0,0,0,0)","text_color":"rgba(0,0,0,0)","button_background":"rgba(0,0,0,0)","button_text_color":"rgba(0,0,0,0)"}},"1635605921ef4d580a":{"type":"custom-html","settings":{"subheading":"","title":"","html":"<h2 class=\"small--text-center h1 rich-text__heading--medium\" data-live-text-setting=\"section.featured-content.section_title\/escape\" style=\"text-align: center;\">\n   TU BODEGA CELESTIAL ONLINE\n<\/h2>","add_vertical_spacing":true,"background_type":"full_width","background":"rgba(0,0,0,0)","text_color":"rgba(0,0,0,0)"}},"ss_slideshow_11_9E6wJX":{"type":"ss-slideshow-11","blocks":{"slide_mEmnbW":{"type":"slide","settings":{"image":"shopify:\/\/shop_images\/banner_jamon_l.jpg","heading":"<p>Pasión por<\/p>","typewriter_text":"el Jamón,la Paleta, lo Ibérico","text":"","button":"Descúbrelos","url":"shopify:\/\/collections\/jamon-iberico","stars_count":0,"review":""}}},"block_order":["slide_mEmnbW"],"name":"JAMONES","settings":{"layout_height":"fixed_height","layout_fixed_height":400,"layout_fixed_height_mobile":400,"autoplay":false,"autoplay_delay":10,"overlay":0.2,"content_max_width":100,"content_padding_vertical":20,"content_padding_vertical_mobile":32,"content_padding_horizontal":50,"content_padding_horizontal_mobile":20,"content_align":"left","content_align_mobile":"center","content_vertical_align":"center","content_vertical_align_mobile":"center","heading_custom":false,"heading_font":"josefin_sans_n4","heading_size":36,"heading_size_mobile":34,"heading_height":130,"heading_mt":24,"heading_mt_mobile":18,"text_custom":false,"text_font":"josefin_sans_n4","text_size":20,"text_size_mobile":18,"text_height":150,"text_mt":24,"text_mt_mobile":18,"button_style":"non_outline","button_custom":false,"button_font":"josefin_sans_n4","button_size":15,"button_size_mobile":15,"button_height":100,"button_padding_vertical":16,"button_padding_vertical_mobile":16,"button_padding_horizontal":32,"button_padding_horizontal_mobile":32,"button_radius":0,"button_border_thickness":1,"button_mt":24,"button_mt_mobile":20,"stars_size":18,"stars_size_mobile":16,"review_custom":false,"review_font":"josefin_sans_n4","review_size":16,"review_size_mobile":14,"review_height":130,"dots_show_desktop":true,"dots_show_mobile":true,"dots_size":14,"dots_size_mobile":12,"dots_mt":48,"dots_mt_mobile":32,"stars_color":"#ffffff","stars_bg_color":"#eb5c27","stars_bg_half_color":"#dddddd","review_color":"#ffffff","heading_color":"#ffffff","text_color":"#ffffff","overlay_color":"#121212","button_color":"#121212","button_hover_color":"#ffffff","button_bg_color":"#ffffff","button_bg_hover_color":"#121212","button_border_color":"#121212","button_border_hover_color":"#121212","dots_color":"#ffffff","background_color":"#ffffff","background_gradient":"","border_color":"#121212","margin_top":0,"margin_bottom":0,"margin_horizontal":0,"margin_horizontal_mobile":0,"padding_top":0,"padding_bottom":0,"padding_horizontal":0,"padding_horizontal_mobile":0,"full_width":true,"content_width":1200,"border_thickness":0,"section_radius":0,"lazy":true}},"featured_collections_eXtL9p":{"type":"featured-collections","blocks":{"collection_JE3RUE":{"type":"collection","settings":{"collection":"top-ventas-jamones-ibericos","label":"","button_text":"","button_url":""}}},"block_order":["collection_JE3RUE"],"name":"Featured collections","settings":{"subheading":"Jamones Recomendados","title":"","content":"","products_count":8,"products_per_row":4,"stack_products":false,"show_cta":false,"background":"rgba(0,0,0,0)","text_color":"rgba(0,0,0,0)","button_background":"rgba(0,0,0,0)","button_text_color":"rgba(0,0,0,0)"}},"ss_slideshow_11_wazwdd":{"type":"ss-slideshow-11","blocks":{"slide_VaeUqp":{"type":"slide","settings":{"image":"shopify:\/\/shop_images\/BANNER_EMBUTIDOS.jpg","heading":"<p>Embutidos Ibéricos<\/p>","typewriter_text":"","text":"<p>Lomo, Chorizo, Salchichón, Coppa y más<\/p>","button":"Descúbrelos","url":"shopify:\/\/collections\/embutido","stars_count":0,"review":""}}},"block_order":["slide_VaeUqp"],"name":"EMBUTIDOS","settings":{"layout_height":"fixed_height","layout_fixed_height":400,"layout_fixed_height_mobile":400,"autoplay":false,"autoplay_delay":10,"overlay":0.2,"content_max_width":100,"content_padding_vertical":20,"content_padding_vertical_mobile":32,"content_padding_horizontal":50,"content_padding_horizontal_mobile":20,"content_align":"left","content_align_mobile":"center","content_vertical_align":"center","content_vertical_align_mobile":"center","heading_custom":false,"heading_font":"josefin_sans_n4","heading_size":36,"heading_size_mobile":34,"heading_height":130,"heading_mt":24,"heading_mt_mobile":18,"text_custom":false,"text_font":"josefin_sans_n4","text_size":20,"text_size_mobile":18,"text_height":150,"text_mt":24,"text_mt_mobile":18,"button_style":"non_outline","button_custom":false,"button_font":"josefin_sans_n4","button_size":15,"button_size_mobile":15,"button_height":100,"button_padding_vertical":16,"button_padding_vertical_mobile":16,"button_padding_horizontal":32,"button_padding_horizontal_mobile":32,"button_radius":0,"button_border_thickness":1,"button_mt":24,"button_mt_mobile":20,"stars_size":18,"stars_size_mobile":16,"review_custom":false,"review_font":"josefin_sans_n4","review_size":16,"review_size_mobile":14,"review_height":130,"dots_show_desktop":true,"dots_show_mobile":true,"dots_size":14,"dots_size_mobile":12,"dots_mt":48,"dots_mt_mobile":32,"stars_color":"#ffffff","stars_bg_color":"#eb5c27","stars_bg_half_color":"#dddddd","review_color":"#ffffff","heading_color":"#ffffff","text_color":"#ffffff","overlay_color":"#121212","button_color":"#121212","button_hover_color":"#ffffff","button_bg_color":"#ffffff","button_bg_hover_color":"#121212","button_border_color":"#121212","button_border_hover_color":"#121212","dots_color":"#ffffff","background_color":"#ffffff","background_gradient":"","border_color":"#121212","margin_top":0,"margin_bottom":0,"margin_horizontal":0,"margin_horizontal_mobile":0,"padding_top":0,"padding_bottom":0,"padding_horizontal":0,"padding_horizontal_mobile":0,"full_width":true,"content_width":1200,"border_thickness":0,"section_radius":0,"lazy":true}},"featured_collections_DGBM9L":{"type":"featured-collections","blocks":{"collection_VGr9bL":{"type":"collection","settings":{"collection":"embutido","label":"","button_text":"","button_url":""}}},"block_order":["collection_VGr9bL"],"name":"Featured collections","settings":{"subheading":"Embutidos Recomendados","title":"","content":"","products_count":8,"products_per_row":4,"stack_products":false,"show_cta":false,"background":"rgba(0,0,0,0)","text_color":"rgba(0,0,0,0)","button_background":"rgba(0,0,0,0)","button_text_color":"rgba(0,0,0,0)"}},"ss_slideshow_11_TNqGYJ":{"type":"ss-slideshow-11","blocks":{"slide_3wBER4":{"type":"slide","settings":{"image":"shopify:\/\/shop_images\/BANNER_QUESO.jpg","heading":"<p>Quesos de Oveja Curado<\/p>","typewriter_text":"","text":"<p>con DOP , Trufa, sin lactosa y muchos más<\/p>","button":"Descúbrelos","url":"shopify:\/\/collections\/queso","stars_count":0,"review":""}}},"block_order":["slide_3wBER4"],"name":"QUESOS","settings":{"layout_height":"fixed_height","layout_fixed_height":400,"layout_fixed_height_mobile":400,"autoplay":false,"autoplay_delay":10,"overlay":0.2,"content_max_width":100,"content_padding_vertical":20,"content_padding_vertical_mobile":32,"content_padding_horizontal":50,"content_padding_horizontal_mobile":20,"content_align":"left","content_align_mobile":"center","content_vertical_align":"center","content_vertical_align_mobile":"center","heading_custom":false,"heading_font":"josefin_sans_n4","heading_size":36,"heading_size_mobile":34,"heading_height":130,"heading_mt":24,"heading_mt_mobile":18,"text_custom":false,"text_font":"josefin_sans_n4","text_size":20,"text_size_mobile":18,"text_height":150,"text_mt":24,"text_mt_mobile":18,"button_style":"non_outline","button_custom":false,"button_font":"josefin_sans_n4","button_size":15,"button_size_mobile":15,"button_height":100,"button_padding_vertical":16,"button_padding_vertical_mobile":16,"button_padding_horizontal":32,"button_padding_horizontal_mobile":32,"button_radius":0,"button_border_thickness":1,"button_mt":24,"button_mt_mobile":20,"stars_size":18,"stars_size_mobile":16,"review_custom":false,"review_font":"josefin_sans_n4","review_size":16,"review_size_mobile":14,"review_height":130,"dots_show_desktop":true,"dots_show_mobile":true,"dots_size":14,"dots_size_mobile":12,"dots_mt":48,"dots_mt_mobile":32,"stars_color":"#ffffff","stars_bg_color":"#eb5c27","stars_bg_half_color":"#dddddd","review_color":"#ffffff","heading_color":"#ffffff","text_color":"#ffffff","overlay_color":"#121212","button_color":"#121212","button_hover_color":"#ffffff","button_bg_color":"#ffffff","button_bg_hover_color":"#121212","button_border_color":"#121212","button_border_hover_color":"#121212","dots_color":"#ffffff","background_color":"#ffffff","background_gradient":"","border_color":"#121212","margin_top":0,"margin_bottom":0,"margin_horizontal":0,"margin_horizontal_mobile":0,"padding_top":0,"padding_bottom":0,"padding_horizontal":0,"padding_horizontal_mobile":0,"full_width":true,"content_width":1200,"border_thickness":0,"section_radius":0,"lazy":true}},"featured_collections_hme3wF":{"type":"featured-collections","blocks":{"collection_RBW6xF":{"type":"collection","settings":{"collection":"queso","label":"","button_text":"","button_url":""}}},"block_order":["collection_RBW6xF"],"name":"Featured collections","settings":{"subheading":"Quesos Recomendados","title":"","content":"","products_count":8,"products_per_row":4,"stack_products":false,"show_cta":false,"background":"rgba(0,0,0,0)","text_color":"rgba(0,0,0,0)","button_background":"rgba(0,0,0,0)","button_text_color":"rgba(0,0,0,0)"}},"ss_slideshow_11_VMMfrB":{"type":"ss-slideshow-11","blocks":{"slide_GeNL9W":{"type":"slide","settings":{"image":"shopify:\/\/shop_images\/BANNER_VINO.jpg","heading":"<p>Vinos de Calidad<\/p>","typewriter_text":"","text":"<p>tintos, blancos y frizzantes<\/p>","button":"Descúbrelos","url":"shopify:\/\/collections\/vino","stars_count":0,"review":""}}},"block_order":["slide_GeNL9W"],"name":"VINOS","settings":{"layout_height":"fixed_height","layout_fixed_height":400,"layout_fixed_height_mobile":400,"autoplay":false,"autoplay_delay":10,"overlay":0.2,"content_max_width":100,"content_padding_vertical":20,"content_padding_vertical_mobile":32,"content_padding_horizontal":50,"content_padding_horizontal_mobile":20,"content_align":"left","content_align_mobile":"center","content_vertical_align":"center","content_vertical_align_mobile":"center","heading_custom":false,"heading_font":"josefin_sans_n4","heading_size":36,"heading_size_mobile":34,"heading_height":130,"heading_mt":24,"heading_mt_mobile":18,"text_custom":false,"text_font":"josefin_sans_n4","text_size":20,"text_size_mobile":18,"text_height":150,"text_mt":24,"text_mt_mobile":18,"button_style":"non_outline","button_custom":false,"button_font":"josefin_sans_n4","button_size":15,"button_size_mobile":15,"button_height":100,"button_padding_vertical":16,"button_padding_vertical_mobile":16,"button_padding_horizontal":32,"button_padding_horizontal_mobile":32,"button_radius":0,"button_border_thickness":1,"button_mt":24,"button_mt_mobile":20,"stars_size":18,"stars_size_mobile":16,"review_custom":false,"review_font":"josefin_sans_n4","review_size":16,"review_size_mobile":14,"review_height":130,"dots_show_desktop":true,"dots_show_mobile":true,"dots_size":14,"dots_size_mobile":12,"dots_mt":48,"dots_mt_mobile":32,"stars_color":"#ffffff","stars_bg_color":"#eb5c27","stars_bg_half_color":"#dddddd","review_color":"#ffffff","heading_color":"#ffffff","text_color":"#ffffff","overlay_color":"#121212","button_color":"#121212","button_hover_color":"#ffffff","button_bg_color":"#ffffff","button_bg_hover_color":"#121212","button_border_color":"#121212","button_border_hover_color":"#121212","dots_color":"#ffffff","background_color":"#ffffff","background_gradient":"","border_color":"#121212","margin_top":0,"margin_bottom":0,"margin_horizontal":0,"margin_horizontal_mobile":0,"padding_top":0,"padding_bottom":0,"padding_horizontal":0,"padding_horizontal_mobile":0,"full_width":true,"content_width":1200,"border_thickness":0,"section_radius":0,"lazy":true}},"featured_collections_HykgYg":{"type":"featured-collections","blocks":{"collection_cxHXcj":{"type":"collection","settings":{"collection":"vino","label":"","button_text":"","button_url":""}}},"block_order":["collection_cxHXcj"],"name":"Featured collections","settings":{"subheading":"Vinos Recomendados","title":"","content":"","products_count":8,"products_per_row":4,"stack_products":false,"show_cta":false,"background":"rgba(0,0,0,0)","text_color":"rgba(0,0,0,0)","button_background":"rgba(0,0,0,0)","button_text_color":"rgba(0,0,0,0)"}},"ss_slideshow_11_BjhzL6":{"type":"ss-slideshow-11","blocks":{"slide_j7hPix":{"type":"slide","settings":{"image":"shopify:\/\/shop_images\/BANNER_CERVEZAS.jpg","heading":"<p>Cerveza Artesanal<\/p>","typewriter_text":"","text":"<p>IPA, rubia o tostada<\/p>","button":"Descúbrelas","url":"shopify:\/\/collections\/cerveza","stars_count":0,"review":""}}},"block_order":["slide_j7hPix"],"name":"CERVEZAS","settings":{"layout_height":"fixed_height","layout_fixed_height":400,"layout_fixed_height_mobile":400,"autoplay":false,"autoplay_delay":10,"overlay":0.2,"content_max_width":100,"content_padding_vertical":20,"content_padding_vertical_mobile":32,"content_padding_horizontal":50,"content_padding_horizontal_mobile":20,"content_align":"left","content_align_mobile":"center","content_vertical_align":"center","content_vertical_align_mobile":"center","heading_custom":false,"heading_font":"josefin_sans_n4","heading_size":36,"heading_size_mobile":34,"heading_height":130,"heading_mt":24,"heading_mt_mobile":18,"text_custom":false,"text_font":"josefin_sans_n4","text_size":20,"text_size_mobile":18,"text_height":150,"text_mt":24,"text_mt_mobile":18,"button_style":"non_outline","button_custom":false,"button_font":"josefin_sans_n4","button_size":15,"button_size_mobile":15,"button_height":100,"button_padding_vertical":16,"button_padding_vertical_mobile":16,"button_padding_horizontal":32,"button_padding_horizontal_mobile":32,"button_radius":0,"button_border_thickness":1,"button_mt":24,"button_mt_mobile":20,"stars_size":18,"stars_size_mobile":16,"review_custom":false,"review_font":"josefin_sans_n4","review_size":16,"review_size_mobile":14,"review_height":130,"dots_show_desktop":true,"dots_show_mobile":true,"dots_size":14,"dots_size_mobile":12,"dots_mt":48,"dots_mt_mobile":32,"stars_color":"#ffffff","stars_bg_color":"#eb5c27","stars_bg_half_color":"#dddddd","review_color":"#ffffff","heading_color":"#ffffff","text_color":"#ffffff","overlay_color":"#121212","button_color":"#121212","button_hover_color":"#ffffff","button_bg_color":"#ffffff","button_bg_hover_color":"#121212","button_border_color":"#121212","button_border_hover_color":"#121212","dots_color":"#ffffff","background_color":"#ffffff","background_gradient":"","border_color":"#121212","margin_top":0,"margin_bottom":0,"margin_horizontal":0,"margin_horizontal_mobile":0,"padding_top":0,"padding_bottom":0,"padding_horizontal":0,"padding_horizontal_mobile":0,"full_width":true,"content_width":1200,"border_thickness":0,"section_radius":0,"lazy":true}},"featured_collections_eNU4Ka":{"type":"featured-collections","blocks":{"collection_8TepXq":{"type":"collection","settings":{"collection":"cerveza","label":"","button_text":"","button_url":""}}},"block_order":["collection_8TepXq"],"name":"Featured collections","settings":{"subheading":"CERVEZAS RecomendadAS","title":"","content":"","products_count":8,"products_per_row":4,"stack_products":false,"show_cta":false,"background":"rgba(0,0,0,0)","text_color":"rgba(0,0,0,0)","button_background":"rgba(0,0,0,0)","button_text_color":"rgba(0,0,0,0)"}},"ss_slideshow_11_x8HULQ":{"type":"ss-slideshow-11","blocks":{"slide_WriyGL":{"type":"slide","settings":{"image":"shopify:\/\/shop_images\/BANNER_PACKS_c51113e5-abe6-4cc0-8990-e700b2b2633b.jpg","heading":"<p>Packs, Lotes y Cestas<\/p>","typewriter_text":"","text":"<p>Seccion de productos gourmet con descuentos<br\/><\/p>","button":"Haz el tuyo!","url":"shopify:\/\/collections\/packs-y-cestas-gourmet","stars_count":0,"review":""}}},"block_order":["slide_WriyGL"],"name":"PAKCS","settings":{"layout_height":"fixed_height","layout_fixed_height":400,"layout_fixed_height_mobile":400,"autoplay":false,"autoplay_delay":10,"overlay":0.2,"content_max_width":100,"content_padding_vertical":20,"content_padding_vertical_mobile":32,"content_padding_horizontal":50,"content_padding_horizontal_mobile":20,"content_align":"left","content_align_mobile":"center","content_vertical_align":"center","content_vertical_align_mobile":"center","heading_custom":false,"heading_font":"josefin_sans_n4","heading_size":36,"heading_size_mobile":34,"heading_height":130,"heading_mt":24,"heading_mt_mobile":18,"text_custom":false,"text_font":"josefin_sans_n4","text_size":20,"text_size_mobile":18,"text_height":150,"text_mt":24,"text_mt_mobile":18,"button_style":"non_outline","button_custom":false,"button_font":"josefin_sans_n4","button_size":15,"button_size_mobile":15,"button_height":100,"button_padding_vertical":16,"button_padding_vertical_mobile":16,"button_padding_horizontal":32,"button_padding_horizontal_mobile":32,"button_radius":0,"button_border_thickness":1,"button_mt":24,"button_mt_mobile":20,"stars_size":18,"stars_size_mobile":16,"review_custom":false,"review_font":"josefin_sans_n4","review_size":16,"review_size_mobile":14,"review_height":130,"dots_show_desktop":true,"dots_show_mobile":true,"dots_size":14,"dots_size_mobile":12,"dots_mt":48,"dots_mt_mobile":32,"stars_color":"#ffffff","stars_bg_color":"#eb5c27","stars_bg_half_color":"#dddddd","review_color":"#ffffff","heading_color":"#ffffff","text_color":"#ffffff","overlay_color":"#121212","button_color":"#121212","button_hover_color":"#ffffff","button_bg_color":"#ffffff","button_bg_hover_color":"#121212","button_border_color":"#121212","button_border_hover_color":"#121212","dots_color":"#ffffff","background_color":"#ffffff","background_gradient":"","border_color":"#121212","margin_top":0,"margin_bottom":0,"margin_horizontal":0,"margin_horizontal_mobile":0,"padding_top":0,"padding_bottom":0,"padding_horizontal":0,"padding_horizontal_mobile":0,"full_width":true,"content_width":1200,"border_thickness":0,"section_radius":0,"lazy":true}},"featured_collections_Md8PfM":{"type":"featured-collections","blocks":{"collection_iiYf4r":{"type":"collection","settings":{"collection":"packs-y-cestas-gourmet","label":"","button_text":"","button_url":""}}},"block_order":["collection_iiYf4r"],"name":"Featured collections","settings":{"subheading":"PACKS Recomendados","title":"","content":"","products_count":8,"products_per_row":4,"stack_products":false,"show_cta":false,"background":"rgba(0,0,0,0)","text_color":"rgba(0,0,0,0)","button_background":"rgba(0,0,0,0)","button_text_color":"rgba(0,0,0,0)"}},"ss_slideshow_11_jg9iqd":{"type":"ss-slideshow-11","blocks":{"slide_WCPQTU":{"type":"slide","settings":{"image":"shopify:\/\/shop_images\/BANNER_ACCESORIOS.jpg","heading":"<p>Accesorios y más<\/p>","typewriter_text":"","text":"<p>AOVE, SAlsas Picantes, Jamoneros , Cuchillos y más!<br\/><\/p>","button":"Descúbrelos","url":"shopify:\/\/collections\/packs-y-cestas-gourmet","stars_count":0,"review":""}}},"block_order":["slide_WCPQTU"],"name":"ACCESORIOS Y MAS","settings":{"layout_height":"fixed_height","layout_fixed_height":400,"layout_fixed_height_mobile":400,"autoplay":false,"autoplay_delay":10,"overlay":0.2,"content_max_width":100,"content_padding_vertical":20,"content_padding_vertical_mobile":32,"content_padding_horizontal":50,"content_padding_horizontal_mobile":20,"content_align":"left","content_align_mobile":"center","content_vertical_align":"center","content_vertical_align_mobile":"center","heading_custom":false,"heading_font":"josefin_sans_n4","heading_size":36,"heading_size_mobile":34,"heading_height":130,"heading_mt":24,"heading_mt_mobile":18,"text_custom":false,"text_font":"josefin_sans_n4","text_size":20,"text_size_mobile":18,"text_height":150,"text_mt":24,"text_mt_mobile":18,"button_style":"non_outline","button_custom":false,"button_font":"josefin_sans_n4","button_size":15,"button_size_mobile":15,"button_height":100,"button_padding_vertical":16,"button_padding_vertical_mobile":16,"button_padding_horizontal":32,"button_padding_horizontal_mobile":32,"button_radius":0,"button_border_thickness":1,"button_mt":24,"button_mt_mobile":20,"stars_size":18,"stars_size_mobile":16,"review_custom":false,"review_font":"josefin_sans_n4","review_size":16,"review_size_mobile":14,"review_height":130,"dots_show_desktop":true,"dots_show_mobile":true,"dots_size":14,"dots_size_mobile":12,"dots_mt":48,"dots_mt_mobile":32,"stars_color":"#ffffff","stars_bg_color":"#eb5c27","stars_bg_half_color":"#dddddd","review_color":"#ffffff","heading_color":"#ffffff","text_color":"#ffffff","overlay_color":"#121212","button_color":"#121212","button_hover_color":"#ffffff","button_bg_color":"#ffffff","button_bg_hover_color":"#121212","button_border_color":"#121212","button_border_hover_color":"#121212","dots_color":"#ffffff","background_color":"#ffffff","background_gradient":"","border_color":"#121212","margin_top":0,"margin_bottom":0,"margin_horizontal":0,"margin_horizontal_mobile":0,"padding_top":0,"padding_bottom":0,"padding_horizontal":0,"padding_horizontal_mobile":0,"full_width":true,"content_width":1200,"border_thickness":0,"section_radius":0,"lazy":true}},"featured_collections_xF4bjB":{"type":"featured-collections","blocks":{"collection_jKFdLU":{"type":"collection","settings":{"collection":"accesorios","label":"","button_text":"","button_url":""}}},"block_order":["collection_jKFdLU"],"name":"Featured collections","settings":{"subheading":"Productos Recomendados","title":"","content":"","products_count":8,"products_per_row":4,"stack_products":false,"show_cta":false,"background":"rgba(0,0,0,0)","text_color":"rgba(0,0,0,0)","button_background":"rgba(0,0,0,0)","button_text_color":"rgba(0,0,0,0)"}}},"order":["ss_slideshow_11_mqEHcj","slideshow_EXbVyn","rich_text_EFH9Am","ss_circle_menu_AxNY8x","featured_collections_LE9Pt4","ss_glow_testimonial_qpLbmp","1635538517dfbc5c04","featured_collections_RDR9Af","1635605921ef4d580a","ss_slideshow_11_9E6wJX","featured_collections_eXtL9p","ss_slideshow_11_wazwdd","featured_collections_DGBM9L","ss_slideshow_11_TNqGYJ","featured_collections_hme3wF","ss_slideshow_11_VMMfrB","featured_collections_HykgYg","ss_slideshow_11_BjhzL6","featured_collections_eNU4Ka","ss_slideshow_11_x8HULQ","featured_collections_Md8PfM","ss_slideshow_11_jg9iqd","featured_collections_xF4bjB"]}