{"sections":{"main":{"type":"main-list-collections","blocks":{"5e06a721-a9f0-426b-897b-363f41185d18":{"type":"collection","settings":{"collection":"jamon-iberico","text_color":"rgba(0,0,0,0)","overlay_color":"#000000","overlay_opacity":27}},"8d09d3bd-bf73-464b-bc94-f0ac7781d100":{"type":"collection","disabled":true,"settings":{"collection":"comprar-paleta-iberica","text_color":"rgba(0,0,0,0)","overlay_color":"#000000","overlay_opacity":30}},"a9482cf2-fbd9-406c-a07a-066826ea94eb":{"type":"collection","settings":{"collection":"loncheado","text_color":"rgba(0,0,0,0)","overlay_color":"#000000","overlay_opacity":30}},"bc12fc40-cb63-4f38-8901-ac3d14b75d69":{"type":"collection","settings":{"collection":"passion","text_color":"rgba(0,0,0,0)","overlay_color":"#000000","overlay_opacity":30}},"c53a4e24-a74c-48c2-9238-5c6d20834fdd":{"type":"collection","settings":{"collection":"embutido","text_color":"rgba(0,0,0,0)","overlay_color":"#000000","overlay_opacity":30}},"a75f0153-84d5-44c4-bba6-d669a7c901eb":{"type":"collection","settings":{"collection":"estucheria-old","text_color":"rgba(0,0,0,0)","overlay_color":"#000000","overlay_opacity":30}},"4cf383b6-1e5d-4b8a-be6f-9b9a14a1c76e":{"type":"collection","disabled":true,"settings":{"collection":"lomo","text_color":"rgba(0,0,0,0)","overlay_color":"#000000","overlay_opacity":30}},"e571a031-52e0-4215-ae8e-00779f692f6a":{"type":"collection","settings":{"collection":"lotes-ibericos","text_color":"rgba(0,0,0,0)","overlay_color":"#000000","overlay_opacity":30}},"b998ee26-a1b8-40cd-9561-873ca27a5576":{"type":"collection","settings":{"collection":"ofertas-jamones-ibericos","text_color":"rgba(0,0,0,0)","overlay_color":"#000000","overlay_opacity":30}},"17f3b2aa-2578-464a-910e-06d91fd52a60":{"type":"collection","settings":{"collection":"aljim-equipamiento-laboral","text_color":"rgba(0,0,0,0)","overlay_color":"#000000","overlay_opacity":30}},"f64cd85a-7112-42b9-85e8-3d6dc6499f84":{"type":"collection","settings":{"collection":"deshuesados","text_color":"rgba(0,0,0,0)","overlay_color":"#000000","overlay_opacity":30}}},"block_order":["5e06a721-a9f0-426b-897b-363f41185d18","8d09d3bd-bf73-464b-bc94-f0ac7781d100","a9482cf2-fbd9-406c-a07a-066826ea94eb","bc12fc40-cb63-4f38-8901-ac3d14b75d69","c53a4e24-a74c-48c2-9238-5c6d20834fdd","a75f0153-84d5-44c4-bba6-d669a7c901eb","4cf383b6-1e5d-4b8a-be6f-9b9a14a1c76e","e571a031-52e0-4215-ae8e-00779f692f6a","b998ee26-a1b8-40cd-9561-873ca27a5576","17f3b2aa-2578-464a-910e-06d91fd52a60","f64cd85a-7112-42b9-85e8-3d6dc6499f84"],"settings":{"collections_to_show":"selected","show_collection_title":false}}},"order":["main"]}