{"sections":{"main":{"type":"main-page","settings":{"show_title":true,"page_width":"large"}},"1730984752fd91ab19":{"type":"apps","blocks":{"bundles_upsell_pickystory_byob_inline_widget_NCTiCe":{"type":"shopify:\/\/apps\/bundles-upsell-pickystory\/blocks\/byob-inline-widget\/f54ff67e-3f69-4df2-845e-7476ce633252","settings":{}}},"block_order":["bundles_upsell_pickystory_byob_inline_widget_NCTiCe"],"settings":{"include_horizontal_margins":true,"include_vertical_margins":true}}},"order":["main","1730984752fd91ab19"]}