{"sections":{"main":{"type":"main-page","settings":{"show_title":true,"page_width":"large"}},"ss_simple_faq_t8CCXA":{"type":"ss-simple-faq","blocks":{"text_irzrCB":{"type":"text","repeater":"{{ page.metafields.custom.faqscomunes.value }}","settings":{"question":"{{ block.repeater.titulo.value }}","answer":"{{ block.repeater.respuesta1 | metafield_tag }}"}}},"block_order":["text_irzrCB"],"name":"Faq","settings":{"heading":"Preguntas comunes","icon_color":"#ffffff","hover_color":"#efefef","question_color":"#ffffff","background_color":"#eb5c27","answer_color":"#000000","answer_bg_color":"#ffffff","questions-font-size":1.5}},"ss_simple_faq_8YQNTK":{"type":"ss-simple-faq","blocks":{"text_7tdXaH":{"type":"text","repeater":"{{ page.metafields.custom.faqsjamones.value }}","settings":{"question":"{{ block.repeater.pregutna | metafield_text }}","answer":"{{ block.repeater.respuesta1 | metafield_tag }}"}}},"block_order":["text_7tdXaH"],"name":"Faq","settings":{"heading":"Sobre el Jamón (y las Paletas)","icon_color":"#ffffff","hover_color":"#efefef","question_color":"#ffffff","background_color":"#eb5c27","answer_color":"#000000","answer_bg_color":"#ffffff","questions-font-size":1.5}},"ss_simple_faq_KGJid9":{"type":"ss-simple-faq","blocks":{"text_AxikVf":{"type":"text","repeater":"{{ page.metafields.custom.faqsembutidos.value }}","settings":{"question":"{{ block.repeater.pregutna | metafield_text }}","answer":"{{ block.repeater.respuesta1 | metafield_tag }}"}}},"block_order":["text_AxikVf"],"name":"Faq","settings":{"heading":"Sobre el Embutido","icon_color":"#ffffff","hover_color":"#efefef","question_color":"#ffffff","background_color":"#eb5c27","answer_color":"#000000","answer_bg_color":"#ffffff","questions-font-size":1.5}},"ss_simple_faq_XrxAAn":{"type":"ss-simple-faq","blocks":{"text_trjNTF":{"type":"text","repeater":"{{ page.metafields.custom.faqsvinos.value }}","settings":{"question":"{{ block.repeater.pregutna | metafield_text }}","answer":"{{ block.repeater.respuesta1 | metafield_tag }}"}}},"block_order":["text_trjNTF"],"name":"Faq","settings":{"heading":"Sobre el Vino","icon_color":"#ffffff","hover_color":"#efefef","question_color":"#ffffff","background_color":"#eb5c27","answer_color":"#000000","answer_bg_color":"#ffffff","questions-font-size":1.5}}},"order":["main","ss_simple_faq_t8CCXA","ss_simple_faq_8YQNTK","ss_simple_faq_KGJid9","ss_simple_faq_XrxAAn"]}