{"sections":{"slideshow_kQ669G":{"type":"slideshow","blocks":{"image_VkwPcE":{"type":"image","settings":{"image":"{{ page.metafields.custom.fotocab.value }}","text_position":"bottom_center","subheading":"","title":"{{ page.title }}","button_1_text":"","button_1_link":"","button_2_text":"","button_2_link":"","text_color":"#ffffff","button_background":"#ffffff","button_text_color":"#000000","overlay_color":"#000000","overlay_opacity":19}}},"block_order":["image_VkwPcE"],"settings":{"section_height":"small","transition_type":"sweep","autoplay":true,"cycle_speed":5,"background":"rgba(0,0,0,0)"}},"main":{"type":"main-page","settings":{"show_title":false,"page_width":"large"}},"1635611280c3c3cfe6":{"type":"recently-viewed-products","disabled":true,"custom_css":[],"settings":{"subheading":"","title":"Articulos comprados recientemente","products_count":8,"background":"#ffffff","text_color":"rgba(0,0,0,0)"}},"1714907221b2611b85":{"type":"apps","blocks":{"forms_inline_nphrqY":{"type":"shopify:\/\/apps\/forms\/blocks\/inline\/8744a304-fcb1-4347-b211-bb6b4759a76a","settings":{"form_id":"{{ page.metafields.custom.formulario.value }}","text_color":"#202020","button_background_color":"#202020","button_label_color":"#ffffff","links_color":"#1878b9","errors_color":"#e02229","text_alignment":"center","form_alignment":"center","padding_top":0,"padding_bottom":0,"padding_right":0,"padding_left":0}}},"block_order":["forms_inline_nphrqY"],"settings":{"include_horizontal_margins":true,"include_vertical_margins":true}},"ss_blog_2_fcrpLq":{"type":"ss-blog-2","blocks":{"article_AHxE4m":{"type":"Article","settings":{"article":"ente-vetas-y-jarretes\/como-elegir-jamon-para-mi-boda"}},"article_T4BVMa":{"type":"Article","settings":{"article":"ente-vetas-y-jarretes\/cuanto-cuesta-cortador-de-jamon"}},"article_RgjTDx":{"type":"Article","settings":{"article":"ente-vetas-y-jarretes\/cuantos-jamones-poner-para-una-boda"}},"article_fagVJK":{"type":"Article","settings":{"article":"ente-vetas-y-jarretes\/aperitivos-para-bodas"}}},"block_order":["article_AHxE4m","article_T4BVMa","article_RgjTDx","article_fagVJK"],"settings":{"button_text":"Leer Artículo","make_more_readable":true,"remove_description_text":false,"section_bg_color":"#ffffff","button_color":"#eb5c27","description_maintext_color":"#FFFFFF","title_font":"poppins_n7","description_font":"poppins_n4"}},"rich_text_Yggb8K":{"type":"rich-text","settings":{"subheading":"","title":"","content":"{{ page.metafields.custom.seotexto | metafield_tag }}","button_text":"","button_link":"","background_type":"full_width","text_width":"large","text_position":"center","text_alignment":"left","background":"rgba(0,0,0,0)","text_color":"rgba(0,0,0,0)","button_background":"rgba(0,0,0,0)","button_text_color":"rgba(0,0,0,0)"}}},"order":["slideshow_kQ669G","main","1635611280c3c3cfe6","1714907221b2611b85","ss_blog_2_fcrpLq","rich_text_Yggb8K"]}