{"sections":{"main":{"type":"main-page","settings":{"show_title":false,"page_width":"large"}},"image_with_text_wJG6PC":{"type":"image-with-text","blocks":{"item_U8xApT":{"type":"item","settings":{"image":"shopify:\/\/shop_images\/convento_d175d766-60d8-433f-8b0f-97a1d8cf8d88.png","tab_label":"","subheading":"","title":"Empieza a acumular créditohoy mismo","content":"<p>Tan fácil como registrarte en nuestra web y comprar tus productos favoritos. Solo con eso, pasas a formar parte del <strong>convento,<\/strong> <strong>totalmente gratis<\/strong>.<br\/><br\/>Con tus compras, acumularás dinero para poder gastar en nuestra web y ahorrar en tus siguientes pedidos.<\/p><p>Además tendrás acceso a otras ofertas puntuales sólo para FIELES!<\/p>","button_text":"","button_link":""}}},"block_order":["item_U8xApT"],"settings":{"reveal_on_scroll":true,"background_type":"full_width","background_overlap":"image","image_position":"left","text_alignment":"center","cycle_speed":8,"accent_background":"rgba(0,0,0,0)","text_color":"rgba(0,0,0,0)","button_background":"rgba(0,0,0,0)","button_text_color":"rgba(0,0,0,0)"}}},"order":["main","image_with_text_wJG6PC"]}