{"sections":{"main":{"type":"main-page","settings":{"show_title":true,"page_width":"large"}},"21f19e3b-2801-40a2-a022-40e23ed82c2c":{"type":"featured-collections","blocks":{"template--16823283253527__21f19e3b-2801-40a2-a022-40e23ed82c2c-1667493509c5f34410-0":{"type":"collection","settings":{"collection":"ofertas","label":"","button_text":"","button_url":""}}},"block_order":["template--16823283253527__21f19e3b-2801-40a2-a022-40e23ed82c2c-1667493509c5f34410-0"],"settings":{"subheading":"","title":"","content":"","products_count":8,"products_per_row":4,"stack_products":true,"show_cta":false,"background":"rgba(0,0,0,0)","text_color":"rgba(0,0,0,0)","button_background":"rgba(0,0,0,0)","button_text_color":"rgba(0,0,0,0)"}}},"order":["main","21f19e3b-2801-40a2-a022-40e23ed82c2c"]}