{"sections":{"collabs":{"type":"apps","blocks":{"4b77ecbb-55c2-4288-b83c-87e315df485d":{"type":"shopify:\/\/apps\/collabs\/blocks\/application-page\/54758706-9f25-4fa9-a553-64720a4c998b","settings":{"heading":"MONJAMONJAMONJAMONJAMON MONJAMONJAMONJAMONJAMON MONJAMONJAMONJAMONJAMON MONJAMONJAMONJAMONJAMON MONJAMONJAMONJAMONJAMON MONJAMONJAMONJAMONJAMON Y MÁS!","show_square_logo":true,"show_partnership_info":true,"button_text":"Quiero formar parte!","number_of_images":"4","logo_position":"below","corner_style":"square","button_background_color":"#eb5c27","button_label_color":"#ffffff","link_color":"#2c6ecb"}}},"block_order":["4b77ecbb-55c2-4288-b83c-87e315df485d"],"settings":{"include_horizontal_margins":true,"include_vertical_margins":true}}},"order":["collabs"]}