{"sections":{"main":{"type":"main-page","settings":{"show_title":true,"page_width":"large"}},"17399585992fb0517d":{"type":"apps","blocks":{"amplify_bundles_upsell_byob_inline_widget_djgRnf":{"type":"shopify:\/\/apps\/amplify-bundles-upsell\/blocks\/byob-inline-widget\/f54ff67e-3f69-4df2-845e-7476ce633252","settings":{}}},"block_order":["amplify_bundles_upsell_byob_inline_widget_djgRnf"],"settings":{"include_horizontal_margins":true,"include_vertical_margins":true}}},"order":["main","17399585992fb0517d"]}