{"sections":{"main":{"type":"main-page","settings":{"show_title":true,"page_width":"medium"}},"contact-form":{"type":"contact-form","settings":{"title":"CONTACTA CON NOSOTROS","content":"","text_1_heading":"","text_1_text":"","text_2_heading":"","text_2_text":"","background":"rgba(0,0,0,0)","text_color":"rgba(0,0,0,0)","button_background":"rgba(0,0,0,0)","button_text_color":"rgba(0,0,0,0)"}},"173096191391b860c3":{"type":"apps","blocks":{"bundles_upsell_pickystory_byob_inline_widget_JWycit":{"type":"shopify:\/\/apps\/bundles-upsell-pickystory\/blocks\/byob-inline-widget\/f54ff67e-3f69-4df2-845e-7476ce633252","settings":{}}},"block_order":["bundles_upsell_pickystory_byob_inline_widget_JWycit"],"settings":{"include_horizontal_margins":true,"include_vertical_margins":true}}},"order":["main","contact-form","173096191391b860c3"]}