{"sections":{"main":{"type":"main-product","blocks":{"b1210bac-333c-4eed-bc83-b2c05215be71":{"type":"button","settings":{"link":"{{ product.metafields.custom.contrariourl.value }}","text":"{{ product.metafields.custom.contrariof.value }}","stretch":true,"background":"rgba(0,0,0,0)","text_color":"rgba(0,0,0,0)"}},"6ecb37f3-783e-44f4-9d69-d1a69caf9de7":{"type":"image","settings":{"image":"shopify:\/\/shop_images\/BANNERS_9.png","image_alignment":"center","image_width":470}},"variant_picker":{"type":"variant_picker","settings":{"hide_sold_out_variants":false,"selector_mode":"block","color_mode":"color","size_chart_page":""}},"quantity_selector":{"type":"quantity_selector","settings":{}},"64b64bf4-85c9-4e4c-8a1d-bc9cc66a56da":{"type":"shopify:\/\/apps\/klarna-on-site-messaging\/blocks\/app-block\/b95936a9-74b6-4a95-8103-6a1b6459c25e","settings":{"data_key":"credit-promotion-badge","locale_option":"geolocation","locale_fallback":"","theme":"light","topPadding":"0","bottomPadding":"0","messagePrefix":""}},"buy_buttons":{"type":"buy_buttons","settings":{"show_payment_button":false,"atc_button_background":"rgba(0,0,0,0)","atc_button_text_color":"rgba(0,0,0,0)","buy_now_button_background":"rgba(0,0,0,0)","buy_now_button_text_color":"rgba(0,0,0,0)"}}},"block_order":["b1210bac-333c-4eed-bc83-b2c05215be71","6ecb37f3-783e-44f4-9d69-d1a69caf9de7","variant_picker","quantity_selector","64b64bf4-85c9-4e4c-8a1d-bc9cc66a56da","buy_buttons"],"disabled":true,"settings":{"show_vendor":false,"show_sku":false,"show_taxes_included":false,"show_product_rating":true,"show_sticky_add_to_cart":true,"show_share_buttons":true,"help_page":"faq","enable_video_autoplay":true,"enable_video_looping":false,"enable_image_zoom":true,"show_thumbnails_on_mobile":true,"desktop_thumbnails_position":"bottom","transition_effect":"slide"}},"product-content":{"type":"product-content","blocks":{"description":{"type":"description","settings":{}},"2ddbe40f-d770-49a3-b4c2-9d1f7e6d2023":{"type":"liquid","settings":{"title":"Reseñas","liquid":"{% render 'judgeme_widgets', widget_type: 'judgeme_review_widget', concierge_install: false %}"}},"b0e3f556-5493-42f0-b924-37c0459697db":{"type":"content","settings":{"title":"¿Como degustarlo?","content":"","page":"como-degustarlo"}},"ca4b54b1-c773-49f5-8de5-60a179de7092":{"type":"content","settings":{"title":"Conservación","content":"","page":"como-guardar-y-consumirel-jamon"}},"28767b58-7f4e-4095-880e-939c51f491a1":{"type":"content","disabled":true,"settings":{"title":"","content":"","page":"garantiadoniberico"}},"ed3e819e-088f-400f-8ef5-c7ee1c3c3236":{"type":"trust","disabled":true,"settings":{"icon_1":"picto-customer-support","title_1":"Shipping & Returns","content_1":"<p>Add text about your shipping policy<\/p>","icon_2":"picto-warranty","title_2":"Warranty","content_2":"<p>Add text about your product warranty<\/p>","icon_3":"picto-secure-payment","title_3":"Secure Payment","content_3":"<p>Add text about your payment<\/p>"}}},"block_order":["description","2ddbe40f-d770-49a3-b4c2-9d1f7e6d2023","b0e3f556-5493-42f0-b924-37c0459697db","ca4b54b1-c773-49f5-8de5-60a179de7092","28767b58-7f4e-4095-880e-939c51f491a1","ed3e819e-088f-400f-8ef5-c7ee1c3c3236"],"disabled":true,"settings":{}},"product-recommendations":{"type":"product-recommendations","disabled":true,"settings":{"subheading":"","title":"Otros Clientes También Compraron","recommendations_count":7,"background":"#dedbd6","text_color":"rgba(0,0,0,0)"}}},"order":["main","product-content","product-recommendations"]}