{"sections":{"main":{"type":"main-product","blocks":{"webplanex_wallet_webplanex_product_label_RRrxDW":{"type":"shopify:\/\/apps\/webplanex-wallet\/blocks\/webplanex_product_label\/d63226a6-05a3-4eb0-84b3-e81ffcbb3506","settings":{}},"367f96f8-0b99-43b6-ac79-a1968d92febc":{"type":"liquid","settings":{"liquid":"<div class=\"ultimate-countdown\"><\/div>"}},"822f9081-b870-4c99-957a-f9b05ebc9478":{"type":"text","settings":{"text":"{{ product.metafields.custom.copy | metafield_tag }}<ul><li><strong>Intensidad del producto : <\/strong><strong>{{ product.metafields.custom.intensidad_.value }}<\/strong><strong> sobre 10<\/strong><\/li><li> <a href=\"\/pages\/sostenibilidad\" target=\"_blank\" title=\"Sostenibilidad\"><strong>Producto Sostenible<\/strong><\/a><\/li><li><em>Este producto <\/em><a href=\"\/pages\/vip\" title=\"Únete al convento  - CLUB VIP -DESCUENTOS EXCLUSIVOS\"><em><strong>Acumula cashback <\/strong><\/em><\/a><\/li><\/ul>"}},"9fae6bed-8f2c-446b-81ce-cb31266247bf":{"type":"button","settings":{"link":"{{ product.metafields.custom.contrariourl.value }}","text":"{{ product.metafields.custom.contrariof.value }}","stretch":true,"background":"#eb5c27","text_color":"#ffffff"}},"variant_picker":{"type":"variant_picker","settings":{"hide_sold_out_variants":false,"selector_mode":"block","color_mode":"block","size_chart_page":""}},"buy_buttons":{"type":"buy_buttons","settings":{"show_payment_button":false,"atc_button_background":"rgba(0,0,0,0)","atc_button_text_color":"rgba(0,0,0,0)","buy_now_button_background":"rgba(0,0,0,0)","buy_now_button_text_color":"rgba(0,0,0,0)"}},"bundles_upsell_pickystory_byob_inline_widget_4pnYXX":{"type":"shopify:\/\/apps\/bundles-upsell-pickystory\/blocks\/byob-inline-widget\/f54ff67e-3f69-4df2-845e-7476ce633252","disabled":true,"settings":{}},"64b64bf4-85c9-4e4c-8a1d-bc9cc66a56da":{"type":"shopify:\/\/apps\/klarna-on-site-messaging\/blocks\/app-block\/b95936a9-74b6-4a95-8103-6a1b6459c25e","settings":{"data_key":"credit-promotion-badge","locale_option":"geolocation","locale_fallback":"","theme":"light","topPadding":"0","bottomPadding":"0","messagePrefix":""}},"subscriptions_app_block_E4DcqP":{"type":"shopify:\/\/apps\/subscriptions\/blocks\/app-block\/a3bfe9ec-96f8-4508-a003-df608a36d2ad","settings":{"color_text_title":"#6d7175","color_text_body":"#6d7175","dividers_color":"#8f8d8d","bacgkround_color":"#ffffff","border_thickness":1,"border_radius":0,"supporting_text_title":"Opciones de compra","subscription_policy_url":"","product":"{{product}}"}},"text_DQR8Gd":{"type":"text","settings":{"text":"{{ product.metafields.custom.infotop | metafield_tag }}"}},"salepify_free_gift_block_eFgYxW":{"type":"shopify:\/\/apps\/salepify\/blocks\/free-gift.block\/f616e94d-36ae-45cb-9d98-57804196c7a7","disabled":true,"settings":{}}},"block_order":["webplanex_wallet_webplanex_product_label_RRrxDW","367f96f8-0b99-43b6-ac79-a1968d92febc","822f9081-b870-4c99-957a-f9b05ebc9478","9fae6bed-8f2c-446b-81ce-cb31266247bf","variant_picker","buy_buttons","bundles_upsell_pickystory_byob_inline_widget_4pnYXX","64b64bf4-85c9-4e4c-8a1d-bc9cc66a56da","subscriptions_app_block_E4DcqP","text_DQR8Gd","salepify_free_gift_block_eFgYxW"],"custom_css":[],"settings":{"show_vendor":true,"show_sku":false,"show_taxes_included":false,"show_product_rating":true,"show_sticky_add_to_cart":false,"show_share_buttons":false,"help_page":"","enable_video_autoplay":false,"enable_video_looping":false,"enable_image_zoom":false,"show_thumbnails_on_mobile":false,"desktop_thumbnails_position":"bottom","transition_effect":"slide"}},"1697622294c3592bf6":{"type":"apps","blocks":{"bundles_upsell_pickystory_byob_inline_widget_yWQdFW":{"type":"shopify:\/\/apps\/bundles-upsell-pickystory\/blocks\/byob-inline-widget\/f54ff67e-3f69-4df2-845e-7476ce633252","settings":{}}},"block_order":["bundles_upsell_pickystory_byob_inline_widget_yWQdFW"],"settings":{"include_horizontal_margins":true,"include_vertical_margins":true}},"product-content":{"type":"product-content","blocks":{"description":{"type":"description","settings":{}},"2ddbe40f-d770-49a3-b4c2-9d1f7e6d2023":{"type":"liquid","settings":{"title":"Reseñas","liquid":"{% render 'judgeme_widgets', widget_type: 'judgeme_review_widget', concierge_install: false %}"}},"b0e3f556-5493-42f0-b924-37c0459697db":{"type":"content","settings":{"title":"¿Como degustarlo?","content":"","page":"como-degustarlo"}},"ca4b54b1-c773-49f5-8de5-60a179de7092":{"type":"content","settings":{"title":"Conservación","content":"","page":"como-guardar-y-consumirel-jamon"}},"complementary_products_EJ4yym":{"type":"complementary_products","settings":{"title":""}}},"block_order":["description","2ddbe40f-d770-49a3-b4c2-9d1f7e6d2023","b0e3f556-5493-42f0-b924-37c0459697db","ca4b54b1-c773-49f5-8de5-60a179de7092","complementary_products_EJ4yym"],"settings":{}},"ss_waves_Yqxbny":{"type":"ss-waves","settings":{"wave_height":-10,"wave_curvature":360,"wave_style":"less","wave_side":"0","animation":false,"animation_duration":10,"background_color":"#ffffff","wave_color":"#406ef5","margin_top":-280,"margin_bottom":-20,"padding_top":0,"padding_bottom":0,"padding_horizontal":0,"padding_horizontal_mobile":0,"full_width":true,"content_width":120}},"ss_scrolling_products_FDW3aQ":{"type":"ss-scrolling-products","settings":{"heading":"<h3><strong>PRODUCTOS MÁS VENDIDOS<\/strong><\/h3>","heading_custom":false,"heading_font":"poppins_n4","heading_size":62,"heading_size_mobile":38,"heading_height":150,"heading_align":"center","heading_align_mobile":"center","collection":"ofertas","products":[],"collection_show":15,"collection_show_all":false,"scrolling_velocity":100,"scrolling_direction":"left","pause_hover":true,"scrolling_gap":92,"scrolling_gap_mobile":24,"card_width":320,"card_width_mobile":240,"card_radius":16,"card_border_thickness":2,"card_shadow":true,"content_padding_vertical":4,"content_padding_vertical_mobile":6,"content_padding_horizontal":16,"content_padding_horizontal_mobile":6,"title_custom":false,"title_font":"josefin_sans_n4","title_size":16,"title_size_mobile":14,"title_height":120,"title_uppercase":false,"price_custom":false,"price_font":"josefin_sans_n4","price_size":18,"price_size_mobile":16,"price_height":130,"price_mt":10,"button":"Comprar","button_custom":false,"button_font":"josefin_sans_n4","button_size":14,"button_size_mobile":14,"button_height":80,"button_mt":6,"button_padding_vertical":10,"button_padding_vertical_mobile":8,"button_padding_horizontal":18,"button_padding_horizontal_mobile":24,"button_radius":20,"button_border_thickness":1,"button_arrow":false,"badge":"","badge_custom":false,"badge_font":"josefin_sans_n4","badge_size":17,"badge_size_mobile":16,"badge_height":150,"badge_padding_vertical":14,"badge_padding_vertical_mobile":8,"badge_padding_horizontal":20,"badge_padding_horizontal_mobile":24,"card_bg_color":"#ffffff","card_border_color":"#000000","card_shadow_color":"#eb5c27","title_color":"#000000","price_color":"#eb5c27","button_color":"#ffffff","button_hover_color":"#eb5c27","button_bg_color":"#eb5c27","button_bg_hover_color":"#ffffff","button_border_color":"#121212","button_border_hover_color":"#121212","badge_color":"#ffffff","badge_bg_color":"#eb5c27","heading_color":"#ffffff","background_color":"#406ef5","background_gradient":"","border_color":"#000000","margin_top":0,"margin_bottom":64,"padding_top":12,"padding_bottom":32,"padding_horizontal":0,"padding_horizontal_mobile":0,"full_width":true,"content_width":160,"border_thickness":0,"lazy":true}},"ss_waves_ibFVtx":{"type":"ss-waves","settings":{"wave_height":-10,"wave_curvature":360,"wave_style":"less","wave_side":"0","animation":false,"animation_duration":10,"background_color":"#406ef5","wave_color":"#ffffff","margin_top":-180,"margin_bottom":-100,"padding_top":36,"padding_bottom":36,"padding_horizontal":0,"padding_horizontal_mobile":0,"full_width":true,"content_width":120}}},"order":["main","1697622294c3592bf6","product-content","ss_waves_Yqxbny","ss_scrolling_products_FDW3aQ","ss_waves_ibFVtx"]}