{"sections":{"main":{"type":"main-product","blocks":{"variant_picker":{"type":"variant_picker","settings":{"hide_sold_out_variants":false,"selector_mode":"dropdown","color_mode":"block","size_chart_page":""}},"quantity_selector":{"type":"quantity_selector","disabled":true,"settings":{}},"subscriptions_app_block_E4DcqP":{"type":"shopify:\/\/apps\/subscriptions\/blocks\/app-block\/a3bfe9ec-96f8-4508-a003-df608a36d2ad","settings":{"color_text_body":"#6d7175","dividers_color":"#8f8d8d","bacgkround_color":"#ffffff","border_thickness":1,"border_radius":0,"subscription_policy_url":"","product":"{{product}}"}},"buy_buttons":{"type":"buy_buttons","settings":{"show_payment_button":false,"atc_button_background":"rgba(0,0,0,0)","atc_button_text_color":"rgba(0,0,0,0)","buy_now_button_background":"rgba(0,0,0,0)","buy_now_button_text_color":"rgba(0,0,0,0)"}},"64b64bf4-85c9-4e4c-8a1d-bc9cc66a56da":{"type":"shopify:\/\/apps\/klarna-on-site-messaging\/blocks\/app-block\/b95936a9-74b6-4a95-8103-6a1b6459c25e","settings":{"data_key":"credit-promotion-badge","theme":"light","topPadding":"0","bottomPadding":"0","messagePrefix":""}},"822f9081-b870-4c99-957a-f9b05ebc9478":{"type":"text","settings":{"text":"{{ product.metafields.custom.infotop | metafield_tag }}{{ product.metafields.custom.copy | metafield_tag }}<ul><li><strong>Intensidad del producto : <\/strong><strong>{{ product.metafields.custom.intensidad_.value }}<\/strong><strong> sobre 10<\/strong><\/li><li> <a href=\"\/pages\/sostenibilidad\" target=\"_blank\" title=\"Sostenibilidad\"><strong>Producto Sostenible<\/strong><\/a><\/li><li><em>Este producto <\/em><a href=\"\/pages\/vip\" title=\"Únete al convento  - CLUB VIP -DESCUENTOS EXCLUSIVOS\"><em><strong>Acumula cashback <\/strong><\/em><\/a><\/li><\/ul>"}},"9fae6bed-8f2c-446b-81ce-cb31266247bf":{"type":"button","settings":{"link":"{{ product.metafields.custom.contrariourl.value }}","text":"{{ product.metafields.custom.contrariof.value }}","stretch":true,"background":"#eb5c27","text_color":"#ffffff"}},"92949ed3-76d0-413f-8f37-e46f3566da72":{"type":"button","settings":{"link":"{{ product.metafields.custom.urlcant.value }}","text":"{{ product.metafields.custom.upcant | metafield_text }}","stretch":true,"background":"#406ef5","text_color":"rgba(0,0,0,0)"}}},"block_order":["variant_picker","quantity_selector","subscriptions_app_block_E4DcqP","buy_buttons","64b64bf4-85c9-4e4c-8a1d-bc9cc66a56da","822f9081-b870-4c99-957a-f9b05ebc9478","9fae6bed-8f2c-446b-81ce-cb31266247bf","92949ed3-76d0-413f-8f37-e46f3566da72"],"custom_css":[],"settings":{"show_vendor":true,"show_sku":false,"show_taxes_included":false,"show_product_rating":true,"show_sticky_add_to_cart":false,"show_share_buttons":false,"help_page":"","enable_video_autoplay":true,"enable_video_looping":true,"enable_image_zoom":true,"show_thumbnails_on_mobile":false,"desktop_thumbnails_position":"bottom","transition_effect":"slide"}},"ss_product_tabs_5_pEGzkC":{"type":"ss-product-tabs-5","blocks":{"tab_YMfGfB":{"type":"tab","settings":{"title":"Descripción","icon":"none","text":"","use_description":true}},"tab_dgbTbP":{"type":"tab","repeater":"{{ product.metafields.custom.tabs.value }}","settings":{"title":"{{ block.repeater.titulo.value }}","icon":"none","custom_icon":"{{ block.repeater.icon.value }}","text":"{{ block.repeater.texto | metafield_tag }}","use_description":false}}},"block_order":["tab_YMfGfB","tab_dgbTbP"],"settings":{"tabs_position":"below_buy","tab_padding_horizontal":18,"tab_padding_horizontal_mobile":16,"tab_padding_vertical":18,"tab_padding_vertical_mobile":18,"tab_radius":16,"tab_border_thickness":1,"tab_mt":10,"tab_mt_mobile":10,"title_gap":12,"title_gap_mobile":12,"title_icon_size":22,"title_icon_size_mobile":20,"title_custom":false,"title_font":"josefin_sans_n4","title_size":15,"title_size_mobile":15,"title_height":130,"arrow_size":24,"arrow_size_mobile":20,"text_custom":false,"text_font":"josefin_sans_n4","text_size":15,"text_size_mobile":15,"text_height":150,"text_padding_top":20,"tab_bg_color":"#ffffff","tab_border_color":"#9e9e9e","title_icon_color":"#000000","title_color":"#000000","arrow_color":"#000000","text_color":"#000000","background_color":"","background_gradient":"","border_color":"#000000","margin_top":0,"margin_bottom":0,"padding_top":12,"padding_bottom":12,"padding_horizontal":0,"padding_horizontal_mobile":0,"border_thickness":0,"lazy":true}},"product-content":{"type":"product-content","blocks":{"b0e3f556-5493-42f0-b924-37c0459697db":{"type":"content","disabled":true,"settings":{"title":"¿Como degustarlo?","content":"","page":"como-degustarlo"}},"description_mBCLfE":{"type":"description","settings":{}},"content_KppkxF":{"type":"content","settings":{"title":"","content":"","page":""}},"ca4b54b1-c773-49f5-8de5-60a179de7092":{"type":"content","disabled":true,"settings":{"title":"Conservación","content":"","page":"como-guardar-y-consumirel-jamon"}}},"block_order":["b0e3f556-5493-42f0-b924-37c0459697db","description_mBCLfE","content_KppkxF","ca4b54b1-c773-49f5-8de5-60a179de7092"],"disabled":true,"settings":{}},"ss_waves_Yqxbny":{"type":"ss-waves","custom_css":[],"settings":{"wave_height":-10,"wave_curvature":360,"wave_style":"less","wave_side":"0","animation":true,"animation_duration":10,"background_color":"#ffffff","wave_color":"#406ef5","margin_top":-200,"margin_bottom":-20,"padding_top":0,"padding_bottom":0,"padding_horizontal":0,"padding_horizontal_mobile":0,"full_width":true,"content_width":120}},"ss_scrolling_products_FDW3aQ":{"type":"ss-scrolling-products","settings":{"heading":"<h3><strong>PRODUCTOS MÁS VENDIDOS<\/strong><\/h3>","heading_custom":false,"heading_font":"poppins_n4","heading_size":62,"heading_size_mobile":38,"heading_height":150,"heading_align":"center","heading_align_mobile":"center","collection":"ofertas","products":[],"collection_show":15,"collection_show_all":false,"scrolling_velocity":100,"scrolling_direction":"left","pause_hover":true,"scrolling_gap":92,"scrolling_gap_mobile":24,"card_width":320,"card_width_mobile":240,"card_radius":16,"card_border_thickness":2,"card_shadow":true,"content_padding_vertical":4,"content_padding_vertical_mobile":6,"content_padding_horizontal":16,"content_padding_horizontal_mobile":6,"title_custom":false,"title_font":"josefin_sans_n4","title_size":16,"title_size_mobile":14,"title_height":120,"title_uppercase":false,"price_custom":false,"price_font":"josefin_sans_n4","price_size":18,"price_size_mobile":16,"price_height":130,"price_mt":10,"button":"Comprar","button_custom":false,"button_font":"josefin_sans_n4","button_size":14,"button_size_mobile":14,"button_height":80,"button_mt":6,"button_padding_vertical":10,"button_padding_vertical_mobile":8,"button_padding_horizontal":18,"button_padding_horizontal_mobile":24,"button_radius":20,"button_border_thickness":1,"button_arrow":false,"badge":"","badge_custom":false,"badge_font":"josefin_sans_n4","badge_size":17,"badge_size_mobile":16,"badge_height":150,"badge_padding_vertical":14,"badge_padding_vertical_mobile":8,"badge_padding_horizontal":20,"badge_padding_horizontal_mobile":24,"card_bg_color":"#ffffff","card_border_color":"#000000","card_shadow_color":"#eb5c27","title_color":"#000000","price_color":"#eb5c27","button_color":"#ffffff","button_hover_color":"#eb5c27","button_bg_color":"#eb5c27","button_bg_hover_color":"#ffffff","button_border_color":"#121212","button_border_hover_color":"#121212","badge_color":"#ffffff","badge_bg_color":"#eb5c27","heading_color":"#ffffff","background_color":"#406ef5","background_gradient":"","border_color":"#000000","margin_top":0,"margin_bottom":64,"padding_top":12,"padding_bottom":32,"padding_horizontal":0,"padding_horizontal_mobile":0,"full_width":true,"content_width":160,"border_thickness":0,"lazy":true}},"ss_waves_ibFVtx":{"type":"ss-waves","settings":{"wave_height":-10,"wave_curvature":360,"wave_style":"less","wave_side":"0","animation":true,"animation_duration":10,"background_color":"#406ef5","wave_color":"#ffffff","margin_top":-180,"margin_bottom":-100,"padding_top":36,"padding_bottom":36,"padding_horizontal":0,"padding_horizontal_mobile":0,"full_width":true,"content_width":120}},"1697622294c3592bf6":{"type":"apps","blocks":{"judge_me_reviews_review_widget_Wd4GVf":{"type":"shopify:\/\/apps\/judge-me-reviews\/blocks\/review_widget\/61ccd3b1-a9f2-4160-9fe9-4fec8413e5d8","settings":{"review_data":"sample_data","max_width":1200,"show_shop_reviews":true,"empty_state":"empty_widget"}}},"block_order":["judge_me_reviews_review_widget_Wd4GVf"],"custom_css":[".container {background-color: #ffffff;}"],"settings":{"include_horizontal_margins":true,"include_vertical_margins":true}},"ss_product_vidoes_DRbJ8N":{"type":"ss-product-vidoes","blocks":{"video_UNmqdL":{"type":"video","settings":{"video":"shopify:\/\/files\/videos\/pecadoresCsalas.mp4","video_url":"","modal_heading":"<h4>Modal Heading<\/h4>","modal_text":"<p>Modal Text<\/p>"}},"video_XzFPbP":{"type":"video","settings":{"video":"shopify:\/\/files\/videos\/video_yo_era_Ateo.mp4","video_url":"https:\/\/www.youtube.com\/watch?v=_9VUPq3SxOc","modal_heading":"<h4>Modal Heading<\/h4>","modal_text":"<p>Modal Text<\/p>"}},"video_a4DY6t":{"type":"video","name":"hpilulu","settings":{"video":"shopify:\/\/files\/videos\/recetahuevos.mp4","video_url":"https:\/\/www.youtube.com\/watch?v=_9VUPq3SxOc","modal_heading":"<h4>Modal Heading<\/h4>","modal_text":"<p>Modal Text<\/p>"}},"video_9nCVp8":{"type":"video","settings":{"video":"shopify:\/\/files\/videos\/carlossaeztv.mp4","video_url":"https:\/\/www.youtube.com\/watch?v=_9VUPq3SxOc","modal_heading":"<h4>Modal Heading<\/h4>","modal_text":"<p>Modal Text<\/p>"}},"video_CTfxAQ":{"type":"video","settings":{"video":"shopify:\/\/files\/videos\/video_historia.mp4","video_url":"https:\/\/www.youtube.com\/watch?v=_9VUPq3SxOc","modal_heading":"<h4>Modal Heading<\/h4>","modal_text":"<p>Modal Text<\/p>"}},"video_dHVKXE":{"type":"video","settings":{"video":"shopify:\/\/files\/videos\/video_monja_noPuedo.mp4","video_url":"https:\/\/www.youtube.com\/watch?v=_9VUPq3SxOc","modal_heading":"<h4>Modal Heading<\/h4>","modal_text":"<p>Modal Text<\/p>"}},"video_hrGiXt":{"type":"video","settings":{"video":"shopify:\/\/files\/videos\/video_producto_misa_milagro.mp4","video_url":"https:\/\/www.youtube.com\/watch?v=_9VUPq3SxOc","modal_heading":"<h4>Modal Heading<\/h4>","modal_text":"<p>Modal Text<\/p>"}},"video_KqDNP3":{"type":"video","settings":{"video":"shopify:\/\/files\/videos\/video_simpson.mp4","video_url":"https:\/\/www.youtube.com\/watch?v=_9VUPq3SxOc","modal_heading":"<h4>Modal Heading<\/h4>","modal_text":"<p>Modal Text<\/p>"}},"video_A6bMxT":{"type":"video","settings":{"video":"shopify:\/\/files\/videos\/video_Trozo_cielo.mp4","video_url":"https:\/\/www.youtube.com\/watch?v=_9VUPq3SxOc","modal_heading":"<h4>Modal Heading<\/h4>","modal_text":"<p>Modal Text<\/p>"}},"video_KbXd64":{"type":"video","settings":{"video":"shopify:\/\/files\/videos\/video_sobres_caidos.mp4","video_url":"https:\/\/www.youtube.com\/watch?v=_9VUPq3SxOc","modal_heading":"<h4>Modal Heading<\/h4>","modal_text":"<p>Modal Text<\/p>"}},"video_QKUkRw":{"type":"video","settings":{"video":"shopify:\/\/files\/videos\/video_cm_convento.mp4","video_url":"https:\/\/www.youtube.com\/watch?v=_9VUPq3SxOc","modal_heading":"<h4>Modal Heading<\/h4>","modal_text":"<p>Modal Text<\/p>"}},"video_46bxNK":{"type":"video","settings":{"video":"shopify:\/\/files\/videos\/video_compartir.mp4","video_url":"https:\/\/www.youtube.com\/watch?v=_9VUPq3SxOc","modal_heading":"<h4>Modal Heading<\/h4>","modal_text":"<p>Modal Text<\/p>"}},"video_bxAweL":{"type":"video","settings":{"video":"shopify:\/\/files\/videos\/video_jamon_casa_f155adc6-8a0c-46ab-a5e2-7e4dc47b12b0.mp4","video_url":"https:\/\/www.youtube.com\/watch?v=_9VUPq3SxOc","modal_heading":"<h4>Modal Heading<\/h4>","modal_text":"<p>Modal Text<\/p>"}}},"block_order":["video_UNmqdL","video_XzFPbP","video_a4DY6t","video_9nCVp8","video_CTfxAQ","video_dHVKXE","video_hrGiXt","video_KqDNP3","video_A6bMxT","video_KbXd64","video_QKUkRw","video_46bxNK","video_bxAweL"],"settings":{"videos_position":"below_buy","use_metafield":false,"heading":"<p>Palabra de feligrés<\/p>","heading_custom":false,"heading_font":"josefin_sans_n4","heading_size":18,"heading_size_mobile":18,"heading_height":130,"heading_align":"center","heading_align_mobile":"center","slider_view":3,"slider_view_mobile":3,"slider_gap":16,"slider_gap_mobile":16,"slider_mt":20,"card_radius":10,"card_border_thickness":0,"card_shadow":true,"video_ratio":"portrait","video_ratio_mobile":"portrait","video_overlay":0.3,"icon_size":34,"icon_size_mobile":34,"icon_border_thickness":1,"icon_position_mobile":"bottom_left","icon_position":"bottom_left","hide_icon":false,"arrow_size":35,"arrow_size_mobile":35,"arrow_radius":5,"arrow_border_thickness":0,"arrow_hover_shadow":true,"arrow_show_desktop":true,"arrow_show_mobile":true,"show_content":false,"modal_width":30,"modal_width_mobile":95,"modal_padding_vertical":0,"modal_padding_vertical_mobile":0,"modal_padding_horizontal":0,"modal_padding_horizontal_mobile":0,"modal_radius":16,"modal_border_thickness":0,"modal_overlay":50,"close_size":42,"close_size_mobile":42,"close_radius":8,"close_border_thickness":0,"buttons_size":48,"buttons_size_mobile":48,"buttons_radius":8,"buttons_border_thickness":0,"modal_video_radius":0,"modal_video_border_thickness":0,"modal_video_ratio":"portrait","modal_video_ratio_mobile":"portrait","modal_heading_custom":false,"modal_heading_font":"josefin_sans_n4","modal_heading_size":28,"modal_heading_size_mobile":28,"modal_heading_height":130,"modal_heading_align":"center","modal_heading_align_mobile":"center","modal_text_custom":false,"modal_text_font":"josefin_sans_n4","modal_text_size":16,"modal_text_size_mobile":16,"modal_text_height":130,"modal_text_align":"center","modal_text_align_mobile":"center","modal_text_mt":16,"card_bg_color":"#ffffff","card_border_color":"#000000","card_shadow_color":"#000000","video_overlay_color":"#000000","icon_bg_color":"#000000","icon_border_color":"#ffffff","icon_color":"#ffffff","arrow_bg_color":"#ffffff","arrow_bg_hover_color":"#000000","arrow_border_color":"#000000","arrow_border_hover_color":"#000000","arrow_icon_color":"#000000","arrow_icon_hover_color":"#ffffff","modal_bg_color":"#ffffff","modal_border_color":"#000000","close_bg_color":"#ffffff","close_border_color":"#000000","close_icon_color":"#ffffff","buttons_bg_color":"#ffffff","buttons_border_color":"#000000","buttons_icon_color":"#ffffff","modal_video_border_color":"#000000","modal_content_bg_color":"#ffffff","modal_content_border_color":"#000000","modal_heading_color":"#000000","modal_text_color":"#000000","heading_color":"#406ef5","background_color":"#ffffff","background_gradient":"","border_color":"#000000","margin_top":0,"margin_bottom":0,"padding_top":20,"padding_bottom":20,"padding_horizontal":0,"padding_horizontal_mobile":0,"border_thickness":0,"lazy":true}}},"order":["main","ss_product_tabs_5_pEGzkC","product-content","ss_waves_Yqxbny","ss_scrolling_products_FDW3aQ","ss_waves_ibFVtx","1697622294c3592bf6","ss_product_vidoes_DRbJ8N"]}