{"sections":{"main":{"type":"main-product","blocks":{"webplanex_wallet_webplanex_product_label_RRrxDW":{"type":"shopify:\/\/apps\/webplanex-wallet\/blocks\/webplanex_product_label\/d63226a6-05a3-4eb0-84b3-e81ffcbb3506","settings":{}},"367f96f8-0b99-43b6-ac79-a1968d92febc":{"type":"liquid","settings":{"liquid":"<div class=\"ultimate-countdown\"><\/div>"}},"822f9081-b870-4c99-957a-f9b05ebc9478":{"type":"text","disabled":true,"settings":{"text":"{{ product.metafields.custom.copy | metafield_tag }}<ul><li><strong>Intensidad del producto : <\/strong><strong>{{ product.metafields.custom.intensidad_.value }}<\/strong><strong> sobre 10<\/strong><\/li><li> <a href=\"\/pages\/sostenibilidad\" target=\"_blank\" title=\"Sostenibilidad\"><strong>Producto Sostenible<\/strong><\/a><\/li><li><em>Este producto <\/em><a href=\"\/pages\/vip\" title=\"Únete al convento  - CLUB VIP -DESCUENTOS EXCLUSIVOS\"><em><strong>Acumula cashback <\/strong><\/em><\/a><\/li><\/ul>"}},"92949ed3-76d0-413f-8f37-e46f3566da72":{"type":"button","disabled":true,"settings":{"link":"{{ product.metafields.custom.urlcant.value }}","text":"{{ product.metafields.custom.upcant | metafield_text }}","stretch":true,"background":"#406ef5","text_color":"rgba(0,0,0,0)"}},"9fae6bed-8f2c-446b-81ce-cb31266247bf":{"type":"button","disabled":true,"settings":{"link":"{{ product.metafields.custom.contrariourl.value }}","text":"{{ product.metafields.custom.contrariof.value }}","stretch":true,"background":"#eb5c27","text_color":"#ffffff"}},"variant_picker":{"type":"variant_picker","disabled":true,"settings":{"hide_sold_out_variants":false,"selector_mode":"block","color_mode":"block","size_chart_page":""}},"quantity_selector":{"type":"quantity_selector","disabled":true,"settings":{}},"buy_buttons":{"type":"buy_buttons","settings":{"show_payment_button":false,"atc_button_background":"rgba(0,0,0,0)","atc_button_text_color":"rgba(0,0,0,0)","buy_now_button_background":"rgba(0,0,0,0)","buy_now_button_text_color":"rgba(0,0,0,0)"}},"64b64bf4-85c9-4e4c-8a1d-bc9cc66a56da":{"type":"shopify:\/\/apps\/klarna-on-site-messaging\/blocks\/app-block\/b95936a9-74b6-4a95-8103-6a1b6459c25e","settings":{"data_key":"credit-promotion-badge","locale_option":"geolocation","locale_fallback":"","theme":"light","topPadding":"0","bottomPadding":"0","messagePrefix":""}},"subscriptions_app_block_E4DcqP":{"type":"shopify:\/\/apps\/subscriptions\/blocks\/app-block\/a3bfe9ec-96f8-4508-a003-df608a36d2ad","disabled":true,"settings":{"color_text_title":"#6d7175","color_text_body":"#6d7175","dividers_color":"#8f8d8d","bacgkround_color":"#ffffff","border_thickness":1,"border_radius":0,"supporting_text_title":"Opciones de compra","subscription_policy_url":"","product":"{{product}}"}},"text_DQR8Gd":{"type":"text","settings":{"text":"{{ product.metafields.custom.infotop | metafield_tag }}"}},"salepify_free_gift_block_eFgYxW":{"type":"shopify:\/\/apps\/salepify\/blocks\/free-gift.block\/f616e94d-36ae-45cb-9d98-57804196c7a7","disabled":true,"settings":{}},"bundles_upsell_pickystory_byob_inline_widget_g63aqF":{"type":"shopify:\/\/apps\/bundles-upsell-pickystory\/blocks\/byob-inline-widget\/f54ff67e-3f69-4df2-845e-7476ce633252","disabled":true,"settings":{}}},"block_order":["webplanex_wallet_webplanex_product_label_RRrxDW","367f96f8-0b99-43b6-ac79-a1968d92febc","822f9081-b870-4c99-957a-f9b05ebc9478","92949ed3-76d0-413f-8f37-e46f3566da72","9fae6bed-8f2c-446b-81ce-cb31266247bf","variant_picker","quantity_selector","buy_buttons","64b64bf4-85c9-4e4c-8a1d-bc9cc66a56da","subscriptions_app_block_E4DcqP","text_DQR8Gd","salepify_free_gift_block_eFgYxW","bundles_upsell_pickystory_byob_inline_widget_g63aqF"],"custom_css":[],"settings":{"show_vendor":true,"show_sku":false,"show_taxes_included":false,"show_product_rating":true,"show_sticky_add_to_cart":false,"show_share_buttons":false,"help_page":"","enable_video_autoplay":true,"enable_video_looping":false,"enable_image_zoom":true,"show_thumbnails_on_mobile":true,"desktop_thumbnails_position":"bottom","transition_effect":"slide"}},"1730913979ad73d7a6":{"type":"apps","blocks":{"bundles_upsell_pickystory_byob_inline_widget_r7Apby":{"type":"shopify:\/\/apps\/bundles-upsell-pickystory\/blocks\/byob-inline-widget\/f54ff67e-3f69-4df2-845e-7476ce633252","settings":{}}},"block_order":["bundles_upsell_pickystory_byob_inline_widget_r7Apby"],"settings":{"include_horizontal_margins":true,"include_vertical_margins":true}},"product-content":{"type":"product-content","blocks":{"2ddbe40f-d770-49a3-b4c2-9d1f7e6d2023":{"type":"liquid","settings":{"title":"Reseñas","liquid":"{% render 'judgeme_widgets', widget_type: 'judgeme_review_widget', concierge_install: false %}"}},"description":{"type":"description","settings":{}},"b0e3f556-5493-42f0-b924-37c0459697db":{"type":"content","settings":{"title":"¿Como degustarlo?","content":"","page":"como-degustarlo"}},"ca4b54b1-c773-49f5-8de5-60a179de7092":{"type":"content","settings":{"title":"Conservación","content":"","page":"como-guardar-y-consumirel-jamon"}},"complementary_products_EJ4yym":{"type":"complementary_products","settings":{"title":""}}},"block_order":["2ddbe40f-d770-49a3-b4c2-9d1f7e6d2023","description","b0e3f556-5493-42f0-b924-37c0459697db","ca4b54b1-c773-49f5-8de5-60a179de7092","complementary_products_EJ4yym"],"settings":{}},"1697622294c3592bf6":{"type":"apps","settings":{"include_horizontal_margins":true,"include_vertical_margins":true}},"ss_waves_Yqxbny":{"type":"ss-waves","settings":{"wave_height":-10,"wave_curvature":360,"wave_style":"less","wave_side":"0","animation":false,"animation_duration":10,"background_color":"#ffffff","wave_color":"#406ef5","margin_top":-280,"margin_bottom":-20,"padding_top":0,"padding_bottom":0,"padding_horizontal":0,"padding_horizontal_mobile":0,"full_width":true,"content_width":120}},"ss_scrolling_products_FDW3aQ":{"type":"ss-scrolling-products","settings":{"heading":"<h3><strong>PRODUCTOS MÁS VENDIDOS<\/strong><\/h3>","heading_custom":false,"heading_font":"poppins_n4","heading_size":62,"heading_size_mobile":38,"heading_height":150,"heading_align":"center","heading_align_mobile":"center","collection":"ofertas","products":[],"collection_show":15,"collection_show_all":false,"scrolling_velocity":100,"scrolling_direction":"left","pause_hover":true,"scrolling_gap":92,"scrolling_gap_mobile":24,"card_width":320,"card_width_mobile":240,"card_radius":16,"card_border_thickness":2,"card_shadow":true,"content_padding_vertical":4,"content_padding_vertical_mobile":6,"content_padding_horizontal":16,"content_padding_horizontal_mobile":6,"title_custom":false,"title_font":"josefin_sans_n4","title_size":16,"title_size_mobile":14,"title_height":120,"title_uppercase":false,"price_custom":false,"price_font":"josefin_sans_n4","price_size":18,"price_size_mobile":16,"price_height":130,"price_mt":10,"button":"Comprar","button_custom":false,"button_font":"josefin_sans_n4","button_size":14,"button_size_mobile":14,"button_height":80,"button_mt":6,"button_padding_vertical":10,"button_padding_vertical_mobile":8,"button_padding_horizontal":18,"button_padding_horizontal_mobile":24,"button_radius":20,"button_border_thickness":1,"button_arrow":false,"badge":"","badge_custom":false,"badge_font":"josefin_sans_n4","badge_size":17,"badge_size_mobile":16,"badge_height":150,"badge_padding_vertical":14,"badge_padding_vertical_mobile":8,"badge_padding_horizontal":20,"badge_padding_horizontal_mobile":24,"card_bg_color":"#ffffff","card_border_color":"#000000","card_shadow_color":"#eb5c27","title_color":"#000000","price_color":"#eb5c27","button_color":"#ffffff","button_hover_color":"#eb5c27","button_bg_color":"#eb5c27","button_bg_hover_color":"#ffffff","button_border_color":"#121212","button_border_hover_color":"#121212","badge_color":"#ffffff","badge_bg_color":"#eb5c27","heading_color":"#ffffff","background_color":"#406ef5","background_gradient":"","border_color":"#000000","margin_top":0,"margin_bottom":64,"padding_top":12,"padding_bottom":32,"padding_horizontal":0,"padding_horizontal_mobile":0,"full_width":true,"content_width":160,"border_thickness":0,"lazy":true}},"ss_waves_ibFVtx":{"type":"ss-waves","settings":{"wave_height":-10,"wave_curvature":360,"wave_style":"less","wave_side":"0","animation":false,"animation_duration":10,"background_color":"#406ef5","wave_color":"#ffffff","margin_top":-180,"margin_bottom":-100,"padding_top":36,"padding_bottom":36,"padding_horizontal":0,"padding_horizontal_mobile":0,"full_width":true,"content_width":120}},"custom_html_eBX3kk":{"type":"custom-html","settings":{"subheading":"","title":"","html":"<div class=\"faq-accordion\">\n  <div class=\"faq-item\">\n    <button class=\"faq-question\">¿Cómo puedo personalizar mi pack gourmet?<\/button>\n    <div class=\"faq-answer\">Puedes personalizar tu pack gourmet eligiendo entre una amplia selección de productos como jamones, quesos, vinos Rioja y Ribera, cervezas artesanales, aceite de oliva virgen extra, picos gourmet y herramientas como cuchillos o tablas de corte, creando una combinación única según tus gustos o necesidades.<\/div>\n  <\/div>\n  <div class=\"faq-item\">\n    <button class=\"faq-question\">¿Qué tipos de productos puedo incluir en mi cesta gourmet personalizada?<\/button>\n    <div class=\"faq-answer\">En nuestra cesta personalizada puedes incluir jamones ibéricos, quesos curados, vinos de prestigiosas denominaciones, cervezas exclusivas, aceite de oliva de alta calidad, picos gourmet y herramientas como cuchillos o tablas de corte.<\/div>\n  <\/div>\n  <div class=\"faq-item\">\n    <button class=\"faq-question\">¿Hay un número mínimo o máximo de productos que puedo seleccionar?<\/button>\n    <div class=\"faq-answer\">No hay un límite mínimo ni máximo; puedes seleccionar desde unos pocos productos hasta una amplia variedad para crear una cesta completa a tu medida.<\/div>\n  <\/div>\n  <div class=\"faq-item\">\n    <button class=\"faq-question\">¿Puedo elegir productos específicos de una región o denominación de origen?<\/button>\n    <div class=\"faq-answer\">¡Por supuesto! Ofrecemos productos de regiones específicas como los vinos de Rioja o Ribera del Duero, jamones ibéricos de las mejores zonas de España y quesos artesanales con denominación de origen.<\/div>\n  <\/div>\n  <div class=\"faq-item\">\n    <button class=\"faq-question\">¿Ofrecen opciones para dietas especiales, como productos sin gluten o vegetarianos?<\/button>\n    <div class=\"faq-answer\">Sí, contamos con opciones sin gluten como algunos vinos, quesos y aceites, así como productos vegetarianos como quesos artesanales y aceites de oliva virgen extra.<\/div>\n  <\/div>\n  <div class=\"faq-item\">\n    <button class=\"faq-question\">¿Cómo se garantiza la frescura y calidad de los productos seleccionados?<\/button>\n    <div class=\"faq-answer\">Seleccionamos cada producto directamente de proveedores especializados y garantizamos un embalaje cuidadoso que preserva su frescura y calidad hasta la entrega.<\/div>\n  <\/div>\n  <div class=\"faq-item\">\n    <button class=\"faq-question\">¿Puedo añadir una nota o dedicatoria personalizada a mi cesta?<\/button>\n    <div class=\"faq-answer\">Sí, puedes incluir una nota o dedicatoria personalizada en tu cesta para que sea aún más especial, ideal para regalos o celebraciones.<\/div>\n  <\/div>\n  <div class=\"faq-item\">\n    <button class=\"faq-question\">¿Cuánto tiempo tarda en prepararse y enviarse mi pack gourmet personalizado?<\/button>\n    <div class=\"faq-answer\">Preparamos tu pack en 24-48 horas y el envío suele tardar entre 2 y 5 días laborables, dependiendo de la ubicación de entrega.<\/div>\n  <\/div>\n  <div class=\"faq-item\">\n    <button class=\"faq-question\">¿Realizan envíos internacionales o solo dentro de España?<\/button>\n    <div class=\"faq-answer\">Actualmente realizamos envíos tanto dentro de España como a algunos destinos internacionales. Consulta la disponibilidad según tu país al realizar el pedido.<\/div>\n  <\/div>\n  <div class=\"faq-item\">\n    <button class=\"faq-question\">¿Qué opciones de presentación ofrecen para las cestas personalizadas?<\/button>\n    <div class=\"faq-answer\">Disponemos de elegantes cajas y cestas, con posibilidad de añadir decoraciones personalizadas para eventos especiales como cumpleaños, bodas o regalos corporativos.<\/div>\n  <\/div>\n  <div class=\"faq-item\">\n    <button class=\"faq-question\">¿Puedo programar la entrega para una fecha específica?<\/button>\n    <div class=\"faq-answer\">Sí, ofrecemos la posibilidad de programar la entrega en una fecha específica para que tu cesta llegue justo a tiempo para cualquier ocasión.<\/div>\n  <\/div>\n  <div class=\"faq-item\">\n    <button class=\"faq-question\">¿Qué métodos de pago aceptan para las cestas personalizadas?<\/button>\n    <div class=\"faq-answer\">Aceptamos tarjetas de crédito y débito, PayPal y transferencias bancarias, ofreciendo varias opciones seguras y cómodas.<\/div>\n  <\/div>\n  <div class=\"faq-item\">\n    <button class=\"faq-question\">¿Ofrecen descuentos para pedidos al por mayor o corporativos?<\/button>\n    <div class=\"faq-answer\">Sí, contamos con descuentos especiales para pedidos al por mayor y regalos corporativos. Contáctanos para más información sobre precios y opciones.<\/div>\n  <\/div>\n  <div class=\"faq-item\">\n    <button class=\"faq-question\">¿Qué políticas de devolución o cambio tienen en caso de que no esté satisfecho con mi pedido?<\/button>\n    <div class=\"faq-answer\">Si tienes algún problema con tu pedido, ofrecemos devoluciones o cambios siempre que los productos no hayan sido abiertos y se encuentren en su embalaje original. Consulta nuestras políticas completas en la web.<\/div>\n  <\/div>\n  <div class=\"faq-item\">\n    <button class=\"faq-question\">¿Cómo puedo contactar con atención al cliente para resolver dudas sobre mi pedido personalizado?<\/button>\n    <div class=\"faq-answer\">Puedes contactarnos a través de nuestro formulario web, por correo electrónico o llamando directamente a nuestro número de atención al cliente. Estaremos encantados de ayudarte.<\/div>\n  <\/div>\n<\/div>\n\n<script type=\"application\/ld+json\">\n{\n  \"@context\": \"https:\/\/schema.org\",\n  \"@type\": \"FAQPage\",\n  \"mainEntity\": [\n    {\n      \"@type\": \"Question\",\n      \"name\": \"¿Cómo puedo personalizar mi pack gourmet?\",\n      \"acceptedAnswer\": {\n        \"@type\": \"Answer\",\n        \"text\": \"Puedes personalizar tu pack gourmet eligiendo entre una amplia selección de productos como jamones, quesos, vinos Rioja y Ribera, cervezas artesanales, aceite de oliva virgen extra, picos gourmet y herramientas como cuchillos o tablas de corte, creando una combinación única según tus gustos o necesidades.\"\n      }\n    },\n    {\n      \"@type\": \"Question\",\n      \"name\": \"¿Qué tipos de productos puedo incluir en mi cesta gourmet personalizada?\",\n      \"acceptedAnswer\": {\n        \"@type\": \"Answer\",\n        \"text\": \"En nuestra cesta personalizada puedes incluir jamones ibéricos, quesos curados, vinos de prestigiosas denominaciones, cervezas exclusivas, aceite de oliva de alta calidad, picos gourmet y herramientas como cuchillos o tablas de corte.\"\n      }\n    },\n    {\n      \"@type\": \"Question\",\n      \"name\": \"¿Hay un número mínimo o máximo de productos que puedo seleccionar?\",\n      \"acceptedAnswer\": {\n        \"@type\": \"Answer\",\n        \"text\": \"No hay un límite mínimo ni máximo; puedes seleccionar desde unos pocos productos hasta una amplia variedad para crear una cesta completa a tu medida.\"\n      }\n    },\n    {\n      \"@type\": \"Question\",\n      \"name\": \"¿Puedo elegir productos específicos de una región o denominación de origen?\",\n      \"acceptedAnswer\": {\n        \"@type\": \"Answer\",\n        \"text\": \"¡Por supuesto! Ofrecemos productos de regiones específicas como los vinos de Rioja o Ribera del Duero, jamones ibéricos de las mejores zonas de España y quesos artesanales con denominación de origen.\"\n      }\n    },\n    {\n      \"@type\": \"Question\",\n      \"name\": \"¿Ofrecen opciones para dietas especiales, como productos sin gluten o vegetarianos?\",\n      \"acceptedAnswer\": {\n        \"@type\": \"Answer\",\n        \"text\": \"Sí, contamos con opciones sin gluten como algunos vinos, quesos y aceites, así como productos vegetarianos como quesos artesanales y aceites de oliva virgen extra.\"\n      }\n    },\n    {\n      \"@type\": \"Question\",\n      \"name\": \"¿Cómo se garantiza la frescura y calidad de los productos seleccionados?\",\n      \"acceptedAnswer\": {\n        \"@type\": \"Answer\",\n        \"text\": \"Seleccionamos cada producto directamente de proveedores especializados y garantizamos un embalaje cuidadoso que preserva su frescura y calidad hasta la entrega.\"\n      }\n    },\n    {\n      \"@type\": \"Question\",\n      \"name\": \"¿Puedo añadir una nota o dedicatoria personalizada a mi cesta?\",\n      \"acceptedAnswer\": {\n        \"@type\": \"Answer\",\n        \"text\": \"Sí, puedes incluir una nota o dedicatoria personalizada en tu cesta para que sea aún más especial, ideal para regalos o celebraciones.\"\n      }\n    },\n    {\n      \"@type\": \"Question\",\n      \"name\": \"¿Cuánto tiempo tarda en prepararse y enviarse mi pack gourmet personalizado?\",\n      \"acceptedAnswer\": {\n        \"@type\": \"Answer\",\n        \"text\": \"Preparamos tu pack en 24-48 horas y el envío suele tardar entre 2 y 5 días laborables, dependiendo de la ubicación de entrega.\"\n      }\n    },\n    {\n      \"@type\": \"Question\",\n      \"name\": \"¿Realizan envíos internacionales o solo dentro de España?\",\n      \"acceptedAnswer\": {\n        \"@type\": \"Answer\",\n        \"text\": \"Actualmente realizamos envíos tanto dentro de España como a algunos destinos internacionales. Consulta la disponibilidad según tu país al realizar el pedido.\"\n      }\n    },\n    {\n      \"@type\": \"Question\",\n      \"name\": \"¿Qué opciones de presentación ofrecen para las cestas personalizadas?\",\n      \"acceptedAnswer\": {\n        \"@type\": \"Answer\",\n        \"text\": \"Disponemos de elegantes cajas y cestas, con posibilidad de añadir decoraciones personalizadas para eventos especiales como cumpleaños, bodas o regalos corporativos.\"\n      }\n    }\n  ]\n}\n<\/script>","add_vertical_spacing":false,"background_type":"boxed","background":"rgba(0,0,0,0)","text_color":"rgba(0,0,0,0)"}}},"order":["main","1730913979ad73d7a6","product-content","1697622294c3592bf6","ss_waves_Yqxbny","ss_scrolling_products_FDW3aQ","ss_waves_ibFVtx","custom_html_eBX3kk"]}