{"current":{"icon_stroke_width":1.6,"button_border_radius":2,"block_border_radius":"none","vertical_spacing":"small","heading_color":"#000000","text_color":"#000000","background":"#ffffff","secondary_background":"#ffffff","success_color":"#85714d","error_color":"#af272f","header_background":"#ffffff","header_text_color":"#000000","footer_background":"#406ef5","footer_text_color":"#ffffff","primary_button_background":"#406ef5","secondary_button_background":"#eb5c27","secondary_button_text_color":"#ffffff","product_rating_color":"#eb5c27","product_on_sale_accent":"#eb5c27","product_sold_out_accent":"#eb5c27","product_custom_label_background":"#eb5c27","product_custom_label_2_background":"#574f3f","product_in_stock_text_color":"#406ef5","product_low_stock_text_color":"#eb5c27","heading_font":"poppins_n7","heading_font_size":"small","heading_text_transform":"normal","text_font":"poppins_n4","text_font_size":13,"currency_code_enabled":true,"stagger_products_apparition":true,"reveal_product_media":true,"round_color_swatches":false,"show_vendor":true,"show_secondary_image":true,"product_add_to_cart":false,"show_product_rating":true,"discount_mode":"percentage","product_color_display":"hide","product_image_size":"square","cart_type":"drawer","cart_icon":"shopping_cart","cart_show_free_shipping_threshold":true,"cart_free_shipping_threshold":"25","social_facebook":"","social_twitter":"https:\/\/twitter.com\/monjamonymas","social_pinterest":"https:\/\/es.pinterest.com\/monjamonymas\/","social_instagram":"https:\/\/www.instagram.com\/monjamonymas","social_youtube":"https:\/\/www.youtube.com\/@monjamonymas","social_tiktok":"https:\/\/www.tiktok.com\/@monjamonymas","social_linkedin":"https:\/\/linkedin.com\/company\/monjamon","favicon":"shopify:\/\/shop_images\/nuevoflavicon_c9223ef1-f146-48a0-8c22-7cb86351b048.svg","checkout_header_image":"shopify:\/\/shop_images\/9.jpg","checkout_logo_image":"shopify:\/\/shop_images\/LOGOTIPO_AZUL_3x_bf747935-15ce-4190-8975-9bbcece481b6.png","checkout_logo_position":"right","checkout_logo_size":"small","checkout_body_background_color":"#fffbf8","checkout_input_background_color_mode":"white","checkout_sidebar_background_color":"#ffffff","checkout_heading_font":"Roboto","checkout_body_font":"Roboto","checkout_accent_color":"#eb5c27","checkout_button_color":"#eb5c27","checkout_error_color":"#af272f","accent_color":"#405de6","sections":{"announcement-bar":{"type":"announcement-bar","blocks":{"b2e74d67-a59a-4536-8fe0-a598fd1dc7bb":{"type":"message","settings":{"text":"El mejor sabor del mundo 🌍","learn_more_text":"Leer más","title":"","content":"","button_text":"","button_link":"shopify:\/\/blogs\/entre-vetas-y-jarretes\/jamon-iberico-mejor-sabor-mundo"}},"message-1":{"type":"message","settings":{"text":"El Jamón sostenible ♻️","learn_more_text":"","title":"el jamón sotenible ♻️","content":"","button_text":"","button_link":"shopify:\/\/pages\/sostenibilidad"}},"3e8afb73-2d76-4d21-a413-cc90c800a46e":{"type":"message","settings":{"text":"Atención Personalizada: 📞923580404 y 📝 694484278","learn_more_text":"","title":"","content":"","button_text":"","button_link":"shopify:\/\/policies\/terms-of-service"}},"b525e4e4-889c-42ee-a8ab-160e4051a9e2":{"type":"message","settings":{"text":"Envíos Gratis en 24-72h  📦 +Info","learn_more_text":"","title":"","content":"","button_text":"","button_link":"shopify:\/\/policies\/shipping-policy"}},"60973aba-f7b9-4664-bb48-9df02d0214a3":{"type":"message","disabled":true,"settings":{"text":"Garantía TOTAL +info","learn_more_text":"","title":"","content":"","button_text":"","button_link":"shopify:\/\/policies\/terms-of-service"}}},"block_order":["b2e74d67-a59a-4536-8fe0-a598fd1dc7bb","message-1","3e8afb73-2d76-4d21-a413-cc90c800a46e","b525e4e4-889c-42ee-a8ab-160e4051a9e2","60973aba-f7b9-4664-bb48-9df02d0214a3"],"settings":{"announcement_bar_position":"non_sticky","announcement_text_size":"normal","autoplay":true,"cycle_speed":9,"background":"#221c35","text_color":"#ffffff","button_background":"#221c35","button_text_color":"#ffffff"}},"header":{"type":"header","settings":{"enable_sticky_header":false,"logo":"shopify:\/\/shop_images\/16_DON_IBERICO_LOGO_ALTA_2425e6e1-15a4-451b-9461-d06f706c3a4e.jpg","logo_max_width":110,"mobile_logo_max_width":55,"navigation_menu":"don-iberico-shop","sidebar_navigation_menu":"don-iberico-shop","header_layout":"logo_left_navigation_center","show_icons":true,"reduce_desktop_padding":true,"show_locale_selector":false,"enable_transparent_header":false,"transparent_header_text_color":"#ffffff","search_menu":"lateral"}},"footer":{"type":"footer","blocks":{"5b7375f3-4451-4dc5-8f58-d2be36fdb8dc":{"type":"links","settings":{"menu":"menuinferior_3"}},"d4f471b9-a98e-480e-965b-39c86918206b":{"type":"links","settings":{"menu":"menuinferior_1"}},"4a39dec7-d57b-4d70-b678-207cc4bdc6da":{"type":"links","settings":{"menu":"menuinf_4"}},"links":{"type":"links","settings":{"menu":"menuinferior2"}},"social_media":{"type":"social_media","settings":{"title":"Síguenos en las redes","content":""}}},"block_order":["5b7375f3-4451-4dc5-8f58-d2be36fdb8dc","d4f471b9-a98e-480e-965b-39c86918206b","4a39dec7-d57b-4d70-b678-207cc4bdc6da","links","social_media"],"settings":{"show_payment_icons":true,"show_locale_selector":false}},"mini-cart":{"type":"mini-cart","custom_css":[".product-item__image-wrapper {border: 1px solid grey; padding: 10px; border-radius: 10px; border-color: #eb5c27;}"],"settings":{"show_order_note":true,"show_checkout_button":true,"empty_button_link":"shopify:\/\/collections\/monjamonymas","show_recommendations":true,"recommendations_title":"TAMBIÉN TE PUEDE INTERESAR"}},"main-gift-card":{"type":"main-gift-card","settings":{"logo":"shopify:\/\/shop_images\/LOGOTIPO_BLANCO_3x_1.png","logo_max_width":300,"mobile_logo_max_width":110,"image":"shopify:\/\/shop_images\/tarjeta_regalo.png","background":"#406ef5","content_background":"#ffffff","text_color":"#406ef5"}}},"content_for_index":[],"blocks":{"1635590040bc3a9e35":{"type":"shopify:\/\/apps\/judge-me-product-reviews\/blocks\/judgeme_core\/61ccd3b1-a9f2-4160-9fe9-4fec8413e5d8","disabled":false,"settings":{}},"1635590040f25b7017":{"type":"shopify:\/\/apps\/judge-me-product-reviews\/blocks\/reviews_tab\/61ccd3b1-a9f2-4160-9fe9-4fec8413e5d8","disabled":true,"settings":{"position":"left"}},"3127803799193547933":{"type":"shopify:\/\/apps\/kaching-custom-cursor\/blocks\/app-embed-block\/8e414c2f-e094-4ca5-85c3-6c0df939a019","disabled":false,"settings":{}},"1768834845299682660":{"type":"shopify:\/\/apps\/subscriptions\/blocks\/app-embed-block\/a3bfe9ec-96f8-4508-a003-df608a36d2ad","disabled":false,"settings":{"color_text_title":"#6D7175","color_text_body":"#6D7175","dividers_color":"#8F8D8D","bacgkround_color":"#FFFFFF","border_thickness":1,"border_radius":0,"subscription_policy_url":""}},"855628211100114053":{"type":"shopify:\/\/apps\/klaviyo-email-marketing-sms\/blocks\/klaviyo-onsite-embed\/2632fe16-c075-4321-a88b-50b567f42507","disabled":false,"settings":{}},"14327677521557774844":{"type":"shopify:\/\/apps\/simprosys-google-shopping-feed\/blocks\/core_settings_block\/1f0b859e-9fa6-4007-97e8-4513aff5ff3b","disabled":false,"settings":{}},"11921513738595253157":{"type":"shopify:\/\/apps\/navi-aio-navigate\/blocks\/app-embed\/723b0c57-cf35-4406-ba93-95040b25b37c","disabled":false,"settings":{}},"5163884144194077907":{"type":"shopify:\/\/apps\/sami-b2b-lock\/blocks\/app-embed\/8d86a3b4-97b3-44ab-adc1-ec01c5a89da9","disabled":false,"settings":{}},"14352282602675302068":{"type":"shopify:\/\/apps\/xcloud-search-filter\/blocks\/cloudsearch_opt\/8ddbd0bf-e311-492e-ab28-69d0ad268fac","disabled":false,"settings":{}},"13951170544780599758":{"type":"shopify:\/\/apps\/tapita-seo-speed\/blocks\/app-embed\/cd37ca7a-40ad-4fdc-afd3-768701482209","disabled":false,"settings":{}},"9513407616245537438":{"type":"shopify:\/\/apps\/sami-wholesale\/blocks\/app-embed-block\/799b9db0-2c2b-4b20-8675-98acd123fbb2","disabled":false,"settings":{}},"8912919057760678768":{"type":"shopify:\/\/apps\/easify-box-builder\/blocks\/app-embed-block\/5e4620dd-6bb8-4776-ada5-5f18c69faedd","disabled":false,"settings":{"settings_js_develop_mode":false}},"15413925451036697268":{"type":"shopify:\/\/apps\/redeemly\/blocks\/tracker\/fe55f451-e553-4131-a946-354ff46f9d85","disabled":false,"settings":{}},"6690084789156704536":{"type":"shopify:\/\/apps\/redeemly\/blocks\/widgets_app_embed\/fe55f451-e553-4131-a946-354ff46f9d85","disabled":false,"settings":{"product_widget_css_selector":"","cart_widget_css_selector":""}},"10685699042591825042":{"type":"shopify:\/\/apps\/redeemly\/blocks\/monster_cart_integration\/fe55f451-e553-4131-a946-354ff46f9d85","disabled":false,"settings":{}},"6081313875000816572":{"type":"shopify:\/\/apps\/redeemly\/blocks\/cart_drawers_integration\/fe55f451-e553-4131-a946-354ff46f9d85","disabled":false,"settings":{"custom_css_selector":"","custom_css_selector_position":"before"}},"9784695015812721648":{"type":"shopify:\/\/apps\/redeemly\/blocks\/launcher\/fe55f451-e553-4131-a946-354ff46f9d85","disabled":false,"settings":{}},"2567389343055140935":{"type":"shopify:\/\/apps\/microsoft-clarity\/blocks\/clarity_js\/31c3d126-8116-4b4a-8ba1-baeda7c4aeea","disabled":false,"settings":{}},"15909290956780699707":{"type":"shopify:\/\/apps\/mw-product-bundles\/blocks\/app-embed-block\/5bcb1a6d-53b5-4d9c-b4f9-19f6620da62b","disabled":false,"settings":{"theme_text_primary_color":"#1a1c1d","theme_text_secondary_color":"#eb5c27","theme_primary_button_background_color":"#eb5c27","theme_primary_button_text_color":"#ffffff","theme_input_control_text_color":"#1a1c1d","theme_input_control_background_color":"#ffffff","theme_stars_background_color":"#eb5c27","theme_positive_text_color":"#00ab2d","theme_negative_text_color":"#eb5c27","theme_divider_background_color":"#ebebeb","theme_plus_icon_color":"#eb5c27","theme_volume_title_color":"#7c8488","theme_volume_discount_bage_text_color":"#eb5c27","theme_volume_discount_bage_background_color":"#eaeaea","theme_volume_selected_state_color":"#406ef5","theme_volume_selected_state_background_color":"#f4f8fb","theme_bogo_discount_bage_background_color":"#fdd8d8","theme_bogo_discount_bage_text_color":"#420000","volume_layout_style":"inline","theme_font_family":"poppins_n4","theme_heading_font_size":20,"theme_body_font_size":18,"disable_upsell_crossell_popup":false,"custom_liquid":""}},"8838267387977255474":{"type":"shopify:\/\/apps\/jotform-ai-chatbot-live-chat\/blocks\/app-embed\/8b752cf5-34d6-4e3e-96cf-8a6ef85fb35a","disabled":false,"settings":{}},"18408366429334172745":{"type":"shopify:\/\/apps\/pop-convert-pop-ups-banners\/blocks\/app-embed\/ed587aec-4936-43ae-a1b3-1c9e0d08f185","disabled":false,"settings":{}},"409951731435663064":{"type":"shopify:\/\/apps\/dakaas-store-effects\/blocks\/app-embed\/bf1c5ad9-e345-428b-a2e7-cfde42309a53","disabled":false,"settings":{}},"4811963503060929178":{"type":"shopify:\/\/apps\/redeemly\/blocks\/referral\/fe55f451-e553-4131-a946-354ff46f9d85","disabled":false,"settings":{}},"6146500278089136509":{"type":"shopify:\/\/apps\/bm-country-blocker-ip-blocker\/blocks\/boostmark-blocker\/bf9db4b9-be4b-45e1-8127-bbcc07d93e7e","disabled":false,"settings":{}},"17868308261682785792":{"type":"shopify:\/\/apps\/armex\/blocks\/armex-extension\/7fd274f7-e6a1-4512-8228-f11c90d2ef69","disabled":false,"settings":{}}}},"presets":{"Carbon":{"button_border_radius":0,"block_border_radius":"none","heading_color":"#282828","text_color":"#282828","secondary_background":"#f5f5f5","success_color":"#2e9e7b","error_color":"#de2a2a","header_background":"#282828","footer_background":"#282828","footer_text_color":"#ffffff","primary_button_background":"#405de6","secondary_button_background":"#f3ff34","secondary_button_text_color":"#282828","product_on_sale_accent":"#de2a2a","product_custom_label_background":"#405de6","product_custom_label_2_background":"#f3ff34","product_in_stock_text_color":"#2e9e7b","product_low_stock_text_color":"#de2a2a","heading_font":"zurich_extended_n8","heading_font_size":"medium","heading_text_transform":"uppercase","text_font":"zurich_n4","text_font_size":15,"currency_code_enabled":false,"stagger_products_apparition":true,"round_color_swatches":false,"show_vendor":false,"show_secondary_image":true,"product_color_display":"count","product_image_size":"natural","show_product_rating":false,"cart_type":"message","cart_show_free_shipping_threshold":true,"accent_color":"#405de6","checkout_sidebar_background_color":"#f5f5f5","checkout_accent_color":"#282828","checkout_button_color":"#405de6","checkout_error_color":"#de2a2a"},"Ivory":{"button_border_radius":4,"block_border_radius":"small","heading_color":"#1a1a1a","text_color":"#1a1a1a","secondary_background":"#f5f1ec","success_color":"#2e9e7b","error_color":"#de2a2a","header_background":"#56112a","header_text_color":"#ffffff","footer_background":"#56112a","footer_text_color":"#ffffff","primary_button_background":"#56112a","primary_button_text_color":"#ffffff","secondary_button_background":"#f7aea6","secondary_button_text_color":"#56112a","product_on_sale_accent":"#913b59","product_custom_label_background":"#405de6","product_custom_label_2_background":"#f3e5b6","product_in_stock_text_color":"#2e9e7b","product_low_stock_text_color":"#de2a2a","heading_font":"itc_caslon_no_224_n5","heading_font_size":"medium","heading_text_transform":"normal","text_font":"avenir_next_n4","text_font_size":15,"stagger_products_apparition":true,"round_color_swatches":true,"show_vendor":false,"show_secondary_image":true,"product_color_display":"count","product_image_size":"natural","cart_type":"drawer","accent_color":"#405de6","checkout_sidebar_background_color":"#f6f3ed","checkout_accent_color":"#353535","checkout_button_color":"#353535","checkout_error_color":"#de2a2a"},"Quartz":{"icon_stroke_width":1.3,"button_border_radius":0,"block_border_radius":"none","vertical_spacing":"medium","heading_color":"#0d0d0d","text_color":"#2e2e2e","background":"#ffffff","secondary_background":"#f5f5f5","success_color":"#3c6e71","error_color":"#de2a2a","header_background":"#ffffff","header_text_color":"#2e2e2e","footer_background":"#ffffff","footer_text_color":"#2e2e2e","primary_button_background":"#051e38","primary_button_text_color":"#ffffff","secondary_button_background":"#dfdfdf","secondary_button_text_color":"#2e2e2e","product_on_sale_accent":"#de2b2b","product_sold_out_accent":"#5b5b5b","product_custom_label_background":"#051e38","product_custom_label_2_background":"#2e9e7b","product_in_stock_text_color":"#2e9e7b","product_low_stock_text_color":"#de2b2b","heading_font":"futura_n3","heading_font_size":"medium","heading_text_transform":"uppercase","text_font":"din_next_n4","text_font_size":15,"stagger_products_apparition":true,"round_color_swatches":false,"show_vendor":false,"show_secondary_image":true,"product_color_display":"hide","product_image_size":"natural","cart_type":"drawer","cart_icon":"tote_bag","checkout_sidebar_background_color":"#f5f5f5","checkout_accent_color":"#051e38","checkout_button_color":"#051e38","checkout_error_color":"#de2a2a","accent_color":"#405de6"},"Sapphire":{"icon_stroke_width":1.2,"button_border_radius":0,"block_border_radius":"none","heading_color":"#0c1b54","text_color":"#0c1b54","background":"#ffffff","secondary_background":"#f7f7f7","success_color":"#708a7d","error_color":"#d2545a","header_background":"#0c1b54","footer_background":"#0c1b54","footer_text_color":"#ffffff","primary_button_background":"#0c1b54","secondary_button_background":"#f7f7f7","secondary_button_text_color":"#0c1b54","product_rating_color":"#a48156","product_on_sale_accent":"#d2545a","product_custom_label_background":"#405de6","product_custom_label_2_background":"#f3ff34","product_in_stock_text_color":"#2e9e7b","product_low_stock_text_color":"#d2545a","heading_font":"chong_modern_n4","heading_font_size":"large","heading_text_transform":"normal","text_font":"trade_gothic_n4","text_font_size":15,"stagger_products_apparition":true,"round_color_swatches":true,"show_vendor":true,"show_secondary_image":true,"show_product_rating":true,"product_color_display":"hide","product_image_size":"natural","cart_type":"message","checkout_sidebar_background_color":"#f5f5f5","checkout_accent_color":"#282828","checkout_button_color":"#405de6","checkout_error_color":"#de2a2a","accent_color":"#405de6"}},"platform_customizations":{"custom_css":[".ai-agent-chat-avatar-container {bottom: 50px !important; z-index: 9999 !important;}"]}}