{"sections":{"image_with_text_NUFfK9":{"type":"image-with-text","blocks":{"item_34nJAe":{"type":"item","settings":{"image":"{{ metaobject.photo.value }}","tab_label":"Item","subheading":"","title":"{{ metaobject.name.value }}","content":"{{ metaobject.descripcion | metafield_tag }}","button_text":"Ver mi linkedin","button_link":"{{ metaobject.linkedin.value }}"}}},"block_order":["item_34nJAe"],"name":"Image with text","settings":{"reveal_on_scroll":true,"background_type":"full_width","background_overlap":"image","image_position":"left","text_alignment":"center","cycle_speed":8,"accent_background":"rgba(0,0,0,0)","text_color":"rgba(0,0,0,0)","button_background":"rgba(0,0,0,0)","button_text_color":"rgba(0,0,0,0)"}},"ss_blog_2_PAQfRg":{"type":"ss-blog-2","blocks":{"article_37kAMq":{"type":"Article","settings":{"article":"entre-vetas-y-jarretes\/premio-innovacion"}},"article_J9n4cD":{"type":"Article","settings":{"article":"entre-vetas-y-jarretes\/jamon-jabugo-vs-jamon-de-guijuelo"}},"article_VXacYN":{"type":"Article","settings":{"article":"entre-vetas-y-jarretes\/diferencias-jamon-paleta"}},"article_K6LLEi":{"type":"Article","settings":{"article":"entre-vetas-y-jarretes\/como-disfrutar-del-jamon-envasado-al-vacio"}}},"block_order":["article_37kAMq","article_J9n4cD","article_VXacYN","article_K6LLEi"],"name":"SS - Blog #2","settings":{"button_text":"Leer el post","make_more_readable":false,"remove_description_text":true,"section_bg_color":"#fff","button_color":"#FF7A15","description_maintext_color":"#FFFFFF","title_font":"assistant_n4","description_font":"assistant_n4"}}},"order":["image_with_text_NUFfK9","ss_blog_2_PAQfRg"]}