{"sections":{"rich_text_YemP9q":{"type":"rich-text","name":"Rich text","settings":{"subheading":"","title":"{{ metaobject.titulo.value }}","content":"{{ metaobject.respuesta1 | metafield_tag }}","button_text":"Ver todas las Preguntas Frecuentes","button_link":"shopify:\/\/pages\/faqs","background_type":"boxed","text_width":"medium","text_position":"center","text_alignment":"center","background":"rgba(0,0,0,0)","text_color":"rgba(0,0,0,0)","button_background":"rgba(0,0,0,0)","button_text_color":"rgba(0,0,0,0)"}}},"order":["rich_text_YemP9q"]}