{"sections":{"custom_liquid_QPqGWL":{"type":"custom-liquid","name":"Custom Liquid","settings":{"subheading":"","title":"","liquid":"<h1 style=\"text-align: center; font-size: 3.5rem; margin: 2rem 0;\">\n  {{ metaobject.nombre.value }}\n<\/h1>","add_vertical_spacing":true,"background_type":"boxed","background":"rgba(0,0,0,0)","text_color":"rgba(0,0,0,0)"}},"rich_text_JyXzCh":{"type":"rich-text","name":"Rich text","settings":{"subheading":"","title":"","content":"{{ metaobject.descripciones | metafield_tag }}","button_text":"","button_link":"","background_type":"full_width","text_width":"medium","text_position":"center","text_alignment":"center","background":"rgba(0,0,0,0)","text_color":"rgba(0,0,0,0)","button_background":"rgba(0,0,0,0)","button_text_color":"rgba(0,0,0,0)"}},"featured_collections_zTGQjd":{"type":"featured-collections","blocks":{"collection_DUYbDj":{"type":"collection","settings":{"collection":"{{ metaobject.categoriamaestra.value }}","label":"","button_text":"","button_url":""}}},"block_order":["collection_DUYbDj"],"name":"Featured collections","settings":{"subheading":"","title":"PRODUCTOS TIPO {{ metaobject.categoria.value }}","content":"<p>Todos nuestros productos relacionados<\/p>","products_count":50,"products_per_row":4,"stack_products":true,"show_cta":false,"background":"rgba(0,0,0,0)","text_color":"rgba(0,0,0,0)","button_background":"rgba(0,0,0,0)","button_text_color":"rgba(0,0,0,0)"}}},"order":["custom_liquid_QPqGWL","rich_text_JyXzCh","featured_collections_zTGQjd"]}