{"sections":{"main":{"type":"main-customers-register","blocks":{"register_form":{"type":"register","settings":{}}},"block_order":["register_form"],"settings":{}},"image_with_text_xRDTm9":{"type":"image-with-text","blocks":{"item_WztMUw":{"type":"item","settings":{"image":"shopify:\/\/shop_images\/convento_d175d766-60d8-433f-8b0f-97a1d8cf8d88.png","tab_label":"Item","subheading":"","title":"Empieza a acumular créditohoy mismo","content":"<p>Tan fácil como registrarte en nuestra web y comprar tus productos favoritos. Solo con eso, pasas a formar parte del <strong>convento,<\/strong> <strong>totalmente gratis<\/strong>.<br\/><br\/>Con tus compras, acumularás dinero para poder gastar en nuestra web y ahorrar en tus siguientes pedidos.<\/p><p>Además tendrás acceso a otras ofertas puntuales sólo para FIELES!<\/p>","button_text":"","button_link":""}}},"block_order":["item_WztMUw"],"settings":{"reveal_on_scroll":true,"background_type":"full_width","background_overlap":"image","image_position":"left","text_alignment":"center","cycle_speed":8,"accent_background":"rgba(0,0,0,0)","text_color":"rgba(0,0,0,0)","button_background":"rgba(0,0,0,0)","button_text_color":"rgba(0,0,0,0)"}},"16442697930b993f36":{"type":"apps","blocks":{"0d803fe7-8ece-458c-aa0b-fa337d756077":{"type":"shopify:\/\/apps\/judge-me-reviews\/blocks\/medals\/61ccd3b1-a9f2-4160-9fe9-4fec8413e5d8","settings":{}}},"block_order":["0d803fe7-8ece-458c-aa0b-fa337d756077"],"settings":{"include_horizontal_margins":true,"include_vertical_margins":true}}},"order":["main","image_with_text_xRDTm9","16442697930b993f36"]}