{"type":"footer","name":"Footer group","sections":{"multi_column_bVqdLy":{"type":"multi-column","blocks":{"item_mWR89f":{"type":"item","settings":{"image":"shopify:\/\/shop_images\/envio.svg","image_width":50,"image_border":"rgba(0,0,0,0)","title":"Envíos y devoluciones Gratis","content":"<p>En pedidos mayores a 49€, incluido Baleares y Portugal. <\/p>","link_text":"","link_url":"","link_style":"link","text_alignment":"center","vertical_alignment":"start"}},"item_qfwdMK":{"type":"item","settings":{"image":"shopify:\/\/shop_images\/precios_justos.svg","image_width":50,"image_border":"rgba(0,0,0,0)","title":"Precios Justos","content":"<p>No inflamos los precios para luego ofrecer descuentos mágicos.<\/p>","link_text":"","link_url":"","link_style":"link","text_alignment":"center","vertical_alignment":"center"}},"item_WryeKL":{"type":"item","settings":{"image":"shopify:\/\/shop_images\/atencion_personalizada.svg","image_width":100,"image_border":"rgba(0,0,0,0)","title":"Atencón Personalizada","content":"<p>No dudes en <a href=\"https:\/\/tienda-de-sitoclick.myshopify.com\/pages\/contacta-con-nosotros\">ponerte<br\/>en contacto con nosotros<\/a> y seguro que resolveremos tus dudas.<\/p>","link_text":"","link_url":"","link_style":"link","text_alignment":"center","vertical_alignment":"start"}},"item_jgej8w":{"type":"item","settings":{"image":"shopify:\/\/shop_images\/Component_3.svg","image_width":66,"image_border":"rgba(0,0,0,0)","title":"Pago Seguro","content":"<p>Paga con tarjeta, Paypal , Tranferencia Bancaria o Contrareembolso o BIZUM<\/p>","link_text":"","link_url":"","link_style":"link","text_alignment":"center","vertical_alignment":"start"}}},"block_order":["item_mWR89f","item_qfwdMK","item_WryeKL","item_jgej8w"],"settings":{"reveal_on_scroll":true,"stack_items":true,"subheading":"","title":"","content":"","column_alignment":"center","mobile_item_size":"small","desktop_item_size":"small","spacing":"tight","background":"rgba(0,0,0,0)","text_color":"rgba(0,0,0,0)"}},"ss_waves_MQxrqt":{"type":"ss-waves","settings":{"wave_height":390,"wave_curvature":360,"wave_style":"less","wave_side":"0","animation":true,"animation_duration":10,"background_color":"#ffffff","wave_color":"#406ef5","margin_top":-228,"margin_bottom":0,"padding_top":0,"padding_bottom":0,"padding_horizontal":0,"padding_horizontal_mobile":0,"full_width":false,"content_width":400}},"blog_posts_89trLa":{"type":"blog-posts","settings":{"blog":"entre-vetas-y-jarretes","subheading":"Descubre nuestro blog","title":"Novedades y noticias para gourmets","articles_count":4,"stack_mobile":false,"show_category":true,"show_excerpt":false,"background":"#406ef5","text_color":"#ffffff"}},"ss_waves_DeYeCY":{"type":"ss-waves","settings":{"wave_height":-10,"wave_curvature":360,"wave_style":"less","wave_side":"0","animation":true,"animation_duration":10,"background_color":"#406ef5","wave_color":"#eb5c27","margin_top":-160,"margin_bottom":-64,"padding_top":0,"padding_bottom":0,"padding_horizontal":0,"padding_horizontal_mobile":0,"full_width":false,"content_width":400}},"blog_posts_3JQHPt":{"type":"blog-posts","settings":{"blog":"recetas","subheading":"Recetas para todos","title":"Cocina en casa con Monjamón","articles_count":4,"stack_mobile":false,"show_category":true,"show_excerpt":false,"background":"#eb5c27","text_color":"#fffbf8"}},"ss_waves_3Egyze":{"type":"ss-waves","settings":{"wave_height":-10,"wave_curvature":360,"wave_style":"less","wave_side":"0","animation":true,"animation_duration":10,"background_color":"#eb5c27","wave_color":"#406ef5","margin_top":-160,"margin_bottom":-120,"padding_top":0,"padding_bottom":0,"padding_horizontal":0,"padding_horizontal_mobile":0,"full_width":false,"content_width":400}},"rich_text_KEaqCW":{"type":"rich-text","settings":{"subheading":"","title":"SÍGUENOS EN REDES SOCIALES","content":"","button_text":"","button_link":"","background_type":"full_width","text_width":"large","text_position":"center","text_alignment":"center","background":"#406ef5","text_color":"#ffffff","button_background":"rgba(0,0,0,0)","button_text_color":"rgba(0,0,0,0)"}},"17153369914ceb2532":{"type":"apps","blocks":{"instafeed_app_block_kReBTp":{"type":"shopify:\/\/apps\/instafeed\/blocks\/app-block\/c447db20-095d-4a10-9725-b5977662c9d5","settings":{"title":"","title_color":"#ffffff","title_size_v2":0,"alignment":"center","instafeed_margin_top":0,"instafeed_margin_bottom":0,"instafeed_margin_sides":0,"show_instagram_link":false,"link_alignment":"left","link_color":"#000000","background_color":"#406ef5","feed_id":"","html_area":""}}},"block_order":["instafeed_app_block_kReBTp"],"custom_css":[".shopify-block {position: relative; z-index: 100; \/* El texto estará por encima de la sección *\/}"],"settings":{"include_horizontal_margins":false,"include_vertical_margins":false}},"ss_waves_AxWnLq":{"type":"ss-waves","custom_css":[".section-sections--19051377000793__ss_waves_AxWnLq {position: relative; z-index: 1;}"],"settings":{"wave_height":-50,"wave_curvature":360,"wave_style":"less","wave_side":"180","animation":true,"animation_duration":10,"background_color":"#eb5c27","wave_color":"#406ef5","margin_top":-120,"margin_bottom":-196,"padding_top":0,"padding_bottom":72,"padding_horizontal":0,"padding_horizontal_mobile":0,"full_width":false,"content_width":400}},"multi_column_QMmGEt":{"type":"multi-column","blocks":{"item_xpf7FB":{"type":"item","settings":{"image":"shopify:\/\/shop_images\/logodioficial_1.png","image_width":100,"image_border":"rgba(0,0,0,0)","title":"","content":"","link_text":"","link_url":"shopify:\/\/pages\/artesanos","link_style":"link","text_alignment":"center","vertical_alignment":"start"}},"item_7afkgJ":{"type":"item","settings":{"image":"shopify:\/\/shop_images\/perfumerias_1.png","image_width":100,"image_border":"rgba(0,0,0,0)","title":"","content":"","link_text":"","link_url":"","link_style":"link","text_alignment":"center","vertical_alignment":"start"}},"item_n3W8k4":{"type":"item","settings":{"image":"shopify:\/\/shop_images\/calicer.png","image_width":100,"image_border":"rgba(0,0,0,0)","title":"","content":"","link_text":"","link_url":"","link_style":"link","text_alignment":"center","vertical_alignment":"start"}},"item_ngkAia":{"type":"item","settings":{"image":"shopify:\/\/shop_images\/bienestar.png","image_width":100,"image_border":"rgba(0,0,0,0)","title":"","content":"","link_text":"","link_url":"","link_style":"link","text_alignment":"center","vertical_alignment":"start"}},"item_4NKpLE":{"type":"item","settings":{"image":"shopify:\/\/shop_images\/premiosabor.png","image_width":100,"image_border":"rgba(0,0,0,0)","title":"","content":"","link_text":"","link_url":"shopify:\/\/blogs\/entre-vetas-y-jarretes\/jamon-iberico-mejor-sabor-mundo","link_style":"link","text_alignment":"center","vertical_alignment":"start"}},"item_wppbWN":{"type":"item","settings":{"image":"shopify:\/\/shop_images\/salamancaenbandeja.png","image_width":100,"image_border":"rgba(0,0,0,0)","title":"","content":"","link_text":"","link_url":"","link_style":"link","text_alignment":"center","vertical_alignment":"start"}}},"block_order":["item_xpf7FB","item_7afkgJ","item_n3W8k4","item_ngkAia","item_4NKpLE","item_wppbWN"],"custom_css":[".container {position: relative; z-index: 100; \/* El texto estará por encima de la sección *\/}"],"settings":{"reveal_on_scroll":true,"stack_items":false,"subheading":"","title":"Sellos de Garantía","content":"","column_alignment":"center","mobile_item_size":"small","desktop_item_size":"pico","spacing":"tight","background":"#eb5c27","text_color":"#ffffff"}},"ss_waves_EA7cdB":{"type":"ss-waves","settings":{"wave_height":-10,"wave_curvature":360,"wave_style":"less","wave_side":"0","animation":true,"animation_duration":10,"background_color":"#eb5c27","wave_color":"#406ef5","margin_top":-160,"margin_bottom":-64,"padding_top":0,"padding_bottom":0,"padding_horizontal":0,"padding_horizontal_mobile":0,"full_width":false,"content_width":400}},"footer":{"type":"footer","blocks":{"aa0d887d-afdb-4a7e-8619-c9024990b6bc":{"type":"links","settings":{"menu":"nuestro-jamones"}},"links":{"type":"links","settings":{"menu":"menuinferior2"}},"5b7375f3-4451-4dc5-8f58-d2be36fdb8dc":{"type":"links","settings":{"menu":"menuinferior_3"}},"4a39dec7-d57b-4d70-b678-207cc4bdc6da":{"type":"links","settings":{"menu":"menuinf_4"}},"social_media_YdbXeG":{"type":"social_media","settings":{"title":"Síguenos en redes","content":""}}},"block_order":["aa0d887d-afdb-4a7e-8619-c9024990b6bc","links","5b7375f3-4451-4dc5-8f58-d2be36fdb8dc","4a39dec7-d57b-4d70-b678-207cc4bdc6da","social_media_YdbXeG"],"custom_css":[".container {margin-top: -85px; position: relative; z-index: 100;}"],"settings":{"show_payment_icons":true,"show_country_selector":true,"show_locale_selector":true}}},"order":["multi_column_bVqdLy","ss_waves_MQxrqt","blog_posts_89trLa","ss_waves_DeYeCY","blog_posts_3JQHPt","ss_waves_3Egyze","rich_text_KEaqCW","17153369914ceb2532","ss_waves_AxWnLq","multi_column_QMmGEt","ss_waves_EA7cdB","footer"]}