{"type":"custom.overlay","name":"Overlay group","sections":{"newsletter-popup":{"type":"newsletter-popup","disabled":true,"settings":{"apparition_delay":5,"show_only_on_index":false,"show_only_for_visitors":false,"show_only_once":true,"image_position":"left","title":"Aprovecha el descuento del 10%","content":"<p>Si quieres estar al tanto de todas las novedades y descuentos<\/p>"}},"privacy-banner":{"type":"privacy-banner","disabled":true,"settings":{"cookie_bar_title":"Cookie policy","cookie_bar_content":"<p>I agree to the processing of my data in accordance with the conditions set out in the policy of Privacy.<\/p>"}}},"order":["newsletter-popup","privacy-banner"]}